{"type": "Topology", "objects": {"departements": {"geometries": [{"properties": {"code": "01", "nom": "Ain"}, "type": "Polygon", "arcs": [[-343, -174, 0, -361, -359, -171, -332]], "id": "feature_00"}, {"properties": {"code": "02", "nom": "Aisne"}, "type": "Polygon", "arcs": [[-293, 1, -26, -222, -367, -297, -379], [295], [293], [294]], "id": "feature_01"}, {"properties": {"code": "03", "nom": "Allier"}, "type": "Polygon", "arcs": [[-290, -346, -185, -308, -86, -49]], "id": "feature_02"}, {"properties": {"code": "04", "nom": "Alpes-de-Haute-Provence"}, "type": "Polygon", "arcs": [[-5, 2, -9, -403, -410, -93]], "id": "feature_03"}, {"properties": {"code": "05", "nom": "Hautes-Alpes"}, "type": "Polygon", "arcs": [[-357, 3, 4, -92, -168]], "id": "feature_04"}, {"properties": {"code": "06", "nom": "Alpes-Maritimes"}, "type": "MultiPolygon", "arcs": [[[5]], [[6]], [[7, -404, 8]]], "id": "feature_05"}, {"properties": {"code": "2A", "nom": "Corse-du-Sud"}, "type": "MultiPolygon", "arcs": [[[9]], [[10]], [[11]], [[12]], [[13]], [[14]], [[15]], [[16]], [[17]], [[18]], [[-23, 19]]], "id": "feature_06"}, {"properties": {"code": "2B", "nom": "Haute-Corse"}, "type": "MultiPolygon", "arcs": [[[20]], [[21]], [[22, 23]]], "id": "feature_07"}, {"properties": {"code": "07", "nom": "Ard\u00e8che"}, "type": "Polygon", "arcs": [[-184, -170, -94, -408, -136, -205, -187]], "id": "feature_08"}, {"properties": {"code": "08", "nom": "Ardennes"}, "type": "Polygon", "arcs": [[24, -231, -220, 25]], "id": "feature_09"}, {"properties": {"code": "09", "nom": "Ari\u00e8ge"}, "type": "Polygon", "arcs": [[-29, -325, 26, -141]], "id": "feature_10"}, {"properties": {"code": "10", "nom": "Aube"}, "type": "Polygon", "arcs": [[-369, -221, -225, -51, -439]], "id": "feature_11"}, {"properties": {"code": "11", "nom": "Aude"}, "type": "Polygon", "arcs": [[-140, -384, -155, 27, -323, 28]], "id": "feature_12"}, {"properties": {"code": "12", "nom": "Aveyron"}, "type": "Polygon", "arcs": [[-42, -207, -139, -156, -382, -387, -197]], "id": "feature_13"}, {"properties": {"code": "13", "nom": "Bouches-du-Rh\u00f4ne"}, "type": "MultiPolygon", "arcs": [[[29]], [[30]], [[31]], [[32]], [[33]], [[34]], [[35]], [[36]], [[37]], [[-412, -406, 38, -137], [39]]], "id": "feature_14"}, {"properties": {"code": "14", "nom": "Calvados"}, "type": "MultiPolygon", "arcs": [[[303]], [[40, -96, -299, -217]]], "id": "feature_15"}, {"properties": {"code": "15", "nom": "Cantal"}, "type": "Polygon", "arcs": [[-311, -188, -208, 41, -196, -50]], "id": "feature_16"}, {"properties": {"code": "16", "nom": "Charente"}, "type": "Polygon", "arcs": [[-374, -424, -431, -90, -46]], "id": "feature_17"}, {"properties": {"code": "17", "nom": "Charente-Maritime"}, "type": "MultiPolygon", "arcs": [[[42]], [[43]], [[44]], [[-417, -375, 45, -89, -149, 46]], [[47]]], "id": "feature_18"}, {"properties": {"code": "18", "nom": "Cher"}, "type": "Polygon", "arcs": [[-192, -291, 48, -85, -165, -180]], "id": "feature_19"}, {"properties": {"code": "19", "nom": "Corr\u00e8ze"}, "type": "Polygon", "arcs": [[-87, -312, 49, -195, -88, -429]], "id": "feature_20"}, {"properties": {"code": "21", "nom": "C\u00f4te-d'Or"}, "type": "MultiPolygon", "arcs": [[[-289, -339]], [[50, -224, -337, -175, -341, -288, -440]]], "id": "feature_21"}, {"properties": {"code": "22", "nom": "C\u00f4tes-d'Armor"}, "type": "MultiPolygon", "arcs": [[[51]], [[52]], [[53]], [[54]], [[55]], [[56]], [[57]], [[58]], [[59]], [[60]], [[61]], [[62]], [[63]], [[64]], [[65]], [[66]], [[67]], [[68]], [[69]], [[70]], [[71]], [[72]], [[73]], [[74]], [[75]], [[76]], [[77]], [[78]], [[79]], [[80]], [[81]], [[-161, 82, -164, -280, -131, 83]]], "id": "feature_22"}, {"properties": {"code": "23", "nom": "Creuse"}, "type": "Polygon", "arcs": [[84, 85, -313, 86, -428, -166]], "id": "feature_23"}, {"properties": {"code": "24", "nom": "Dordogne"}, "type": "Polygon", "arcs": [[-430, 87, -198, -199, -150, 88, 89]], "id": "feature_24"}, {"properties": {"code": "25", "nom": "Doubs"}, "type": "Polygon", "arcs": [[-446, 90, -172, -335]], "id": "feature_25"}, {"properties": {"code": "26", "nom": "Dr\u00f4me"}, "type": "Polygon", "arcs": [[-169, 91, 92, -409, 93], [406]], "id": "feature_26"}, {"properties": {"code": "27", "nom": "Eure"}, "type": "Polygon", "arcs": [[94, -364, -298, -467, -372, -97, -300, 95]], "id": "feature_27"}, {"properties": {"code": "28", "nom": "Eure-et-Loir"}, "type": "Polygon", "arcs": [[96, -371, -450, -194, -179, -351, -301]], "id": "feature_28"}, {"properties": {"code": "29", "nom": "Finist\u00e8re"}, "type": "MultiPolygon", "arcs": [[[97]], [[98]], [[99]], [[100]], [[101]], [[102]], [[103]], [[104]], [[105]], [[106]], [[107]], [[108]], [[109]], [[110]], [[111]], [[112]], [[113]], [[114]], [[115]], [[116]], [[117]], [[118]], [[119]], [[120]], [[121]], [[122]], [[123]], [[124]], [[125]], [[126]], [[127]], [[128]], [[129]], [[130, -284, 131]], [[132]], [[133]], [[134]]], "id": "feature_29"}, {"properties": {"code": "30", "nom": "Gard"}, "type": "Polygon", "arcs": [[-206, 135, -413, 136, 137, -153, 138]], "id": "feature_30"}, {"properties": {"code": "31", "nom": "Haute-Garonne"}, "type": "Polygon", "arcs": [[-389, -385, 139, 140, 141, -320, -143]], "id": "feature_31"}, {"properties": {"code": "32", "nom": "Gers"}, "type": "Polygon", "arcs": [[-201, -390, 142, -319, -314, -178]], "id": "feature_32"}, {"properties": {"code": "33", "nom": "Gironde"}, "type": "MultiPolygon", "arcs": [[[143]], [[144]], [[145]], [[146]], [[147]], [[148, 149, -203, -177, 150]]], "id": "feature_33"}, {"properties": {"code": "34", "nom": "H\u00e9rault"}, "type": "MultiPolygon", "arcs": [[[151]], [[152, 153, 154, -383, 155]]], "id": "feature_34"}, {"properties": {"code": "35", "nom": "Ille-et-Vilaine"}, "type": "MultiPolygon", "arcs": [[[156]], [[157]], [[158]], [[159, 160]], [[161]], [[162, -218, -228, -209, -190, -281, 163]]], "id": "feature_35"}, {"properties": {"code": "36", "nom": "Indre"}, "type": "Polygon", "arcs": [[-181, 164, 165, -427, -423, -167]], "id": "feature_36"}, {"properties": {"code": "37", "nom": "Indre-et-Loire"}, "type": "Polygon", "arcs": [[-182, 166, -422, -210, -353]], "id": "feature_37"}, {"properties": {"code": "38", "nom": "Is\u00e8re"}, "type": "Polygon", "arcs": [[-358, 167, 168, 169, -183, -333, 170]], "id": "feature_38"}, {"properties": {"code": "39", "nom": "Jura"}, "type": "MultiPolygon", "arcs": [[[348]], [[347]], [[-336, 171, 172, 173, -342, 174]]], "id": "feature_39"}, {"properties": {"code": "40", "nom": "Landes"}, "type": "Polygon", "arcs": [[-316, 175, 176, -202, 177]], "id": "feature_40"}, {"properties": {"code": "41", "nom": "Loir-et-Cher"}, "type": "Polygon", "arcs": [[178, -193, 179, 180, 181, -352]], "id": "feature_41"}, {"properties": {"code": "42", "nom": "Loire"}, "type": "Polygon", "arcs": [[-345, -334, 182, 183, -186, -309, 184]], "id": "feature_42"}, {"properties": {"code": "43", "nom": "Haute-Loire"}, "type": "Polygon", "arcs": [[185, 186, -204, 187, -310]], "id": "feature_43"}, {"properties": {"code": "44", "nom": "Loire-Atlantique"}, "type": "MultiPolygon", "arcs": [[[188]], [[-282, 189, -211, -419, 190]]], "id": "feature_44"}, {"properties": {"code": "45", "nom": "Loiret"}, "type": "Polygon", "arcs": [[-442, -287, 191, 192, 193, -449, -370]], "id": "feature_45"}, {"properties": {"code": "46", "nom": "Lot"}, "type": "Polygon", "arcs": [[194, 195, 196, -386, -200, 197]], "id": "feature_46"}, {"properties": {"code": "47", "nom": "Lot-et-Garonne"}, "type": "Polygon", "arcs": [[198, 199, -391, 200, 201, 202]], "id": "feature_47"}, {"properties": {"code": "48", "nom": "Loz\u00e8re"}, "type": "Polygon", "arcs": [[203, 204, 205, 206, 207]], "id": "feature_48"}, {"properties": {"code": "49", "nom": "Maine-et-Loire"}, "type": "MultiPolygon", "arcs": [[[228]], [[208, -227, -354, 209, -421, -373, -415, 210]]], "id": "feature_49"}, {"properties": {"code": "50", "nom": "Manche"}, "type": "MultiPolygon", "arcs": [[[211]], [[212]], [[213]], [[214]], [[215]], [[216, -303, -226, 217, 218]]], "id": "feature_50"}, {"properties": {"code": "51", "nom": "Marne"}, "type": "Polygon", "arcs": [[219, -235, -223, 220, -368, 221]], "id": "feature_51"}, {"properties": {"code": "52", "nom": "Haute-Marne"}, "type": "Polygon", "arcs": [[222, -234, -437, -338, 223, 224]], "id": "feature_52"}, {"properties": {"code": "53", "nom": "Mayenne"}, "type": "Polygon", "arcs": [[225, -302, -355, 226, 227], [228]], "id": "feature_53"}, {"properties": {"code": "54", "nom": "Meurthe-et-Moselle"}, "type": "MultiPolygon", "arcs": [[[235]], [[236]], [[229, -285, -328, -433, -233]]], "id": "feature_54"}, {"properties": {"code": "55", "nom": "Meuse"}, "type": "Polygon", "arcs": [[230, 231, 232, -432, 233, 234], [235], [236]], "id": "feature_55"}, {"properties": {"code": "56", "nom": "Morbihan"}, "type": "MultiPolygon", "arcs": [[[237]], [[238]], [[239]], [[240]], [[241]], [[242]], [[243]], [[244]], [[245]], [[246]], [[247]], [[248]], [[249]], [[250]], [[251]], [[252]], [[253]], [[254]], [[255]], [[256]], [[257]], [[258]], [[259]], [[260]], [[261]], [[262]], [[263]], [[264]], [[265]], [[266]], [[267]], [[268]], [[269]], [[270]], [[271]], [[272]], [[273]], [[274]], [[275]], [[276]], [[277]], [[278]], [[279, 280, 281, 282, 283]]], "id": "feature_56"}, {"properties": {"code": "57", "nom": "Moselle"}, "type": "Polygon", "arcs": [[-329, 284, 285]], "id": "feature_57"}, {"properties": {"code": "58", "nom": "Ni\u00e8vre"}, "type": "Polygon", "arcs": [[286, -441, 287, -340, 288, -347, 289, 290]], "id": "feature_58"}, {"properties": {"code": "59", "nom": "Nord"}, "type": "MultiPolygon", "arcs": [[[306]], [[291, 292, -378, -305]]], "id": "feature_59"}, {"properties": {"code": "60", "nom": "Oise"}, "type": "MultiPolygon", "arcs": [[[293]], [[294]], [[295]], [[-380, 296, -366, -468, 297, -363]]], "id": "feature_60"}, {"properties": {"code": "61", "nom": "Orne"}, "type": "Polygon", "arcs": [[298, 299, 300, -350, 301, 302], [303]], "id": "feature_61"}, {"properties": {"code": "62", "nom": "Pas-de-Calais"}, "type": "Polygon", "arcs": [[304, -377, 305], [306]], "id": "feature_62"}, {"properties": {"code": "63", "nom": "Puy-de-D\u00f4me"}, "type": "Polygon", "arcs": [[307, 308, 309, 310, 311, 312]], "id": "feature_63"}, {"properties": {"code": "64", "nom": "Pyr\u00e9n\u00e9es-Atlantiques"}, "type": "Polygon", "arcs": [[313, -322, 314, 315], [317], [316]], "id": "feature_64"}, {"properties": {"code": "65", "nom": "Hautes-Pyr\u00e9n\u00e9es"}, "type": "MultiPolygon", "arcs": [[[316]], [[317]], [[318, 319, 320, 321]]], "id": "feature_65"}, {"properties": {"code": "66", "nom": "Pyr\u00e9n\u00e9es-Orientales"}, "type": "Polygon", "arcs": [[322, 323, 324], [325]], "id": "feature_66"}, {"properties": {"code": "67", "nom": "Bas-Rhin"}, "type": "Polygon", "arcs": [[326, -330, -434, 327, 328]], "id": "feature_67"}, {"properties": {"code": "68", "nom": "Haut-Rhin"}, "type": "Polygon", "arcs": [[329, 330, -444, -435]], "id": "feature_68"}, {"properties": {"code": "69", "nom": "Rh\u00f4ne"}, "type": "Polygon", "arcs": [[-344, 331, 332, 333]], "id": "feature_69"}, {"properties": {"code": "70", "nom": "Haute-Sa\u00f4ne"}, "type": "Polygon", "arcs": [[-436, -447, 334, 335, 336, 337]], "id": "feature_70"}, {"properties": {"code": "71", "nom": "Sa\u00f4ne-et-Loire"}, "type": "Polygon", "arcs": [[338, 339, 340, 341, 342, 343, 344, 345, 346], [347], [348]], "id": "feature_71"}, {"properties": {"code": "72", "nom": "Sarthe"}, "type": "Polygon", "arcs": [[349, 350, 351, 352, 353, 354]], "id": "feature_72"}, {"properties": {"code": "73", "nom": "Savoie"}, "type": "Polygon", "arcs": [[355, 356, 357, 358, -360]], "id": "feature_73"}, {"properties": {"code": "74", "nom": "Haute-Savoie"}, "type": "Polygon", "arcs": [[359, 360, 361]], "id": "feature_74"}, {"properties": {"code": "75", "nom": "Paris"}, "type": "Polygon", "arcs": [[-452, -456, -458]], "id": "feature_75"}, {"properties": {"code": "76", "nom": "Seine-Maritime"}, "type": "Polygon", "arcs": [[-381, 362, 363, 364]], "id": "feature_76"}, {"properties": {"code": "77", "nom": "Seine-et-Marne"}, "type": "Polygon", "arcs": [[-460, -455, -463, 365, 366, 367, 368, -438, 369, -448]], "id": "feature_77"}, {"properties": {"code": "78", "nom": "Yvelines"}, "type": "Polygon", "arcs": [[-466, -454, -451, 370, 371]], "id": "feature_78"}, {"properties": {"code": "79", "nom": "Deux-S\u00e8vres"}, "type": "Polygon", "arcs": [[372, -425, 373, 374, -416]], "id": "feature_79"}, {"properties": {"code": "80", "nom": "Somme"}, "type": "Polygon", "arcs": [[375, 376, 377, 378, 379, 380]], "id": "feature_80"}, {"properties": {"code": "81", "nom": "Tarn"}, "type": "Polygon", "arcs": [[381, 382, 383, 384, -388]], "id": "feature_81"}, {"properties": {"code": "82", "nom": "Tarn-et-Garonne"}, "type": "Polygon", "arcs": [[385, 386, 387, 388, 389, 390]], "id": "feature_82"}, {"properties": {"code": "83", "nom": "Var"}, "type": "MultiPolygon", "arcs": [[[391]], [[392]], [[393]], [[394]], [[395]], [[396]], [[397]], [[398]], [[399]], [[400]], [[401]], [[-411, 402, 403, 404, 405]]], "id": "feature_83"}, {"properties": {"code": "84", "nom": "Vaucluse"}, "type": "MultiPolygon", "arcs": [[[406]], [[407, 408, 409, 410, 411, 412]]], "id": "feature_84"}, {"properties": {"code": "85", "nom": "Vend\u00e9e"}, "type": "MultiPolygon", "arcs": [[[413]], [[414, 415, 416, 417, 418]], [[419]]], "id": "feature_85"}, {"properties": {"code": "86", "nom": "Vienne"}, "type": "Polygon", "arcs": [[420, 421, 422, -426, 423, 424]], "id": "feature_86"}, {"properties": {"code": "87", "nom": "Haute-Vienne"}, "type": "Polygon", "arcs": [[425, 426, 427, 428, 429, 430]], "id": "feature_87"}, {"properties": {"code": "88", "nom": "Vosges"}, "type": "Polygon", "arcs": [[431, 432, 433, 434, -443, 435, 436]], "id": "feature_88"}, {"properties": {"code": "89", "nom": "Yonne"}, "type": "Polygon", "arcs": [[437, 438, 439, 440, 441]], "id": "feature_89"}, {"properties": {"code": "90", "nom": "Territoire de Belfort"}, "type": "Polygon", "arcs": [[442, 443, 444, 445, 446]], "id": "feature_90"}, {"properties": {"code": "91", "nom": "Essonne"}, "type": "Polygon", "arcs": [[-453, -461, 447, 448, 449, 450]], "id": "feature_91"}, {"properties": {"code": "92", "nom": "Hauts-de-Seine"}, "type": "Polygon", "arcs": [[-457, 451, -462, 452, 453, -465]], "id": "feature_92"}, {"properties": {"code": "93", "nom": "Seine-Saint-Denis"}, "type": "Polygon", "arcs": [[454, -459, 455, 456, -464]], "id": "feature_93"}, {"properties": {"code": "94", "nom": "Val-de-Marne"}, "type": "Polygon", "arcs": [[457, 458, 459, 460, 461]], "id": "feature_94"}, {"properties": {"code": "95", "nom": "Val-d'Oise"}, "type": "Polygon", "arcs": [[462, 463, 464, 465, 466, 467]], "id": "feature_95"}], "type": "GeometryCollection"}}, "bbox": [-5.14026, 41.33363, 9.55996, 51.089], "transform": {"scale": [0.00014700219998529948, 9.755467554675547e-05], "translate": [-5.140112996329963, 41.33363]}, "arcs": [[[76218, 52100], [722, -510], [-461, -837], [148, -347], [-1017, -367], [-75, -187], [215, -143], [-267, -522]], [[63136, 88618], [382, -113], [-5, -127], [250, 25]], [[82233, 34044], [137, -359], [-130, -6], [-234, -618], [-247, -47], [-172, -261], [164, -493], [481, -523], [-376, -92], [-37, -612]], [[80068, 38703], [103, -345], [115, -41], [80, -533], [487, -55], [43, -181], [-95, -76], [187, -279], [-144, -254], [114, -41], [-69, -282], [765, -565], [340, -57], [123, 190], [630, -415], [-166, -342], [155, -194], [52, -420], [246, -169], [75, -332], [-612, 94], [-264, -362]], [[82233, 34044], [-222, 53], [-492, -522], [-506, -213], [20, -128], [-236, -238], [-383, -118], [-331, -965], [-1113, 45], [-229, 244], [-156, -51], [-372, 538], [-170, -129], [108, -122], [-144, -355], [-228, 179], [-413, -185], [202, -519], [-233, -313], [-362, 585], [-103, -38], [-29, 275], [-489, 163], [-55, -404], [-127, 139], [-263, -343], [-417, -217], [-134, -389], [-232, -225], [-33, -223], [180, -7], [16, -207], [-98, -62], [61, -414], [-376, 487], [-207, 17], [-83, -191], [358, -662], [260, -112], [-37, -132], [-775, 235], [-812, -226]], [[83041, 22347], [-213, 39], [-24, 61], [263, -62], [-26, -38]], [[82910, 22253], [-73, 23], [0, 18], [125, -7], [-52, -34]], [[81819, 31033], [239, -106], [258, -409], [-20, -161], [260, -156], [87, -458], [1208, -347], [648, -620], [411, 51], [110, -306], [237, 93], [217, -135], [34, 183], [919, 261], [376, -58], [112, 282], [281, -2], [-77, -469], [355, -498], [-124, -428], [-260, -129], [55, -307], [-122, -251], [-565, -270], [-51, -489], [-435, -288], [219, -857], [-272, -213], [-23, -187], [-197, 109], [-354, -413], [-339, 14], [-178, -187], [136, -158], [-126, -128], [-112, 328], [-73, -223], [-135, 134], [-296, -104], [-198, -414], [-371, 63], [-240, -681], [128, -186], [-29, -249], [-118, -18], [19, 171], [-149, 116], [-423, -370], [-144, 164], [-304, -54], [-228, -298], [128, -160], [-159, -213]], [[80111, 25169], [515, 265], [-300, 162], [70, 218], [167, 42], [-201, 328], [511, -167], [555, 478], [372, -300], [403, 107], [-465, 546], [-190, 16], [-60, 362], [-624, 526], [64, 396], [-332, 460], [-144, 459], [212, 399], [43, 427], [239, 125], [30, 180], [183, -74], [126, 596], [534, 313]], [[93376, 5538], [2, 22], [76, 62], [-25, -81], [-53, -3]], [[98735, 2305], [-23, 20], [1, 25], [24, -14], [-2, -31]], [[93074, 10628], [-2, -44], [-44, 47], [16, 21], [30, -24]], [[97965, 52], [-14, -52], [-68, 77], [70, 64], [12, -89]], [[98633, 2201], [18, 55], [21, -11], [-11, -31], [-28, -13]], [[98034, 321], [-31, -26], [-110, 63], [122, 45], [19, -82]], [[97729, 380], [11, 35], [16, -19], [-27, -16]], [[98606, 2097], [-22, 22], [2, 9], [19, -8], [1, -23]], [[98857, 3429], [-16, 23], [30, 24], [16, -28], [-30, -19]], [[98657, 3062], [-12, 9], [3, 13], [12, -4], [-3, -18]], [[98926, 5382], [29, -1486], [-43, -213], [-189, -144], [107, -88], [-18, -246], [-245, -80], [35, -224], [-320, 120], [-181, -319], [103, -128], [149, 206], [340, -139], [-171, -327], [-470, -292], [73, -139], [-111, -169], [120, -16], [13, -158], [-141, -135], [75, -66], [-368, -223], [-29, -382], [309, 236], [-306, -624], [-270, -12], [-323, 344], [-268, -61], [196, 489], [-355, 32], [67, 337], [-277, -209], [-295, 289], [-84, -118], [-161, 186], [-271, -29], [-54, 197], [-196, -32], [49, 114], [-86, 76], [-252, -42], [85, 281], [-214, -28], [-270, 225], [139, 70], [-194, 196], [79, 268], [120, 232], [117, -116], [353, 179], [60, 236], [237, 176], [-703, 274], [-203, -153], [-54, 433], [-461, -201], [-18, 180], [-312, 9], [472, 345], [-117, 278], [411, 105], [90, 204], [-228, 144], [253, 54], [-61, 340], [164, 97], [-119, 278], [-228, 135], [-224, -259], [-530, 18], [-237, -151], [114, 407], [-213, 303], [382, 41], [140, 144], [-60, 306], [591, 374], [-62, 168], [-129, -14], [-126, 497], [-281, -113], [-319, 341], [-219, -53], [38, 229], [-182, -55], [236, 225], [-220, 34], [164, 76], [-26, 276], [-93, -15], [42, 241], [-232, 93], [1041, 320], [-220, 349], [-400, 68], [181, 236], [-91, 180], [-413, -166], [-65, 429], [167, -60], [29, 123]], [[98970, 17310], [-32, 37], [2, 15], [14, 3], [16, -55]], [[98510, 16703], [-6, 23], [8, 3], [11, -19], [-13, -7]], [[98926, 5382], [-178, 91], [-401, -360], [-577, 178], [136, 504], [-265, 190], [117, 152], [-103, 100], [39, 877], [-405, -28], [-209, 302], [-39, 518], [-361, 257], [-180, 789], [-163, -39], [-670, 560], [-125, -40], [-311, 472], [15, 308], [-281, -143], [-1677, 670]], [[93288, 10740], [235, 49], [-13, 311], [345, 3], [47, 181], [-105, 80], [137, 26], [77, 259], [-201, 90], [112, 377], [364, 101], [-67, 105], [85, 216], [-110, 140], [127, 144], [12, -234], [195, 100], [172, -153], [162, 148], [11, 339], [415, 45], [80, 209], [350, 170], [109, -120], [465, 79], [301, 192], [-15, 363], [459, 371], [657, 41], [249, -182], [182, -426], [112, 19], [301, 596], [-18, 599], [-224, 400], [209, 326], [-124, 354], [268, 252], [-80, 42], [63, 170], [-128, 488], [119, 146], [472, 30], [248, -244], [-81, -253], [121, -260], [159, -1337], [-317, -1357], [588, -1287], [74, -1217], [-77, -588], [189, -918], [-6, -878], [-62, -949], [-904, -1465], [-101, -1051]], [[63763, 88403], [514, 122], [940, -330], [520, 133], [400, 340], [758, 122], [-61, 325], [103, 270], [-133, 132], [87, 188], [899, 865], [48, -163], [298, 7], [144, -166], [-204, -195], [34, -318], [-145, 140], [-88, -351], [-127, -13], [150, -265], [-348, -717], [5, -119], [383, -97], [291, -407], [-264, -454], [175, -467], [-173, -265], [369, -83], [633, 145], [101, -200], [544, -168], [218, -526], [222, 45], [54, -245], [711, 25], [417, -416], [-184, -253], [58, -198], [230, 211], [315, -146]], [[62503, 82743], [-70, 335], [206, 68], [-174, 244], [-11, 408], [239, 101], [0, 237], [-184, 39], [189, 265], [-354, 514], [113, 174], [507, -55], [77, 461], [396, 215], [438, 597], [-297, 216], [141, 152], [-84, 135], [63, 287], [198, 364], [20, 344], [-263, 114], [110, 445]], [[47116, 12711], [-408, 164], [68, 282], [-912, 85], [-359, 311], [-480, -42], [-15, -396], [-263, -101], [-165, 536], [-176, 132], [11, 189], [-259, 162], [42, 172], [-709, -49], [-164, 134], [-430, -195], [-591, 816], [-629, -18], [-180, 197], [-231, -170], [-461, 375]], [[57011, 19263], [-657, -823], [-498, -1031], [-214, -925], [146, -249], [-117, -813]], [[49701, 13636], [12, 331], [-515, 394], [-40, 176], [-916, -155], [-259, 218], [-28, 116], [132, 58], [-212, 331], [-260, 134], [112, 333], [755, 187], [-43, 601], [-319, 98], [162, 257], [254, -116], [75, 95], [-142, 52], [12, 362], [-108, 71], [96, 237], [-301, 208], [15, 148], [142, 19], [-96, 111], [-4, 420], [-238, 128], [-139, -186], [-93, 326], [-159, -27], [-32, 165], [-17, -150], [-448, 53], [-291, 338], [-201, 26], [85, 388], [-196, 230], [-45, 272]], [[71678, 18855], [-70, 1], [-98, 67], [57, 8], [111, -76]], [[71626, 18982], [-37, 19], [-18, 27], [70, -38], [-15, -8]], [[73191, 18694], [-26, 19], [-3, 32], [29, -9], [0, -42]], [[71059, 19918], [42, -8], [-162, -152], [106, 156], [-81, 40], [219, 61], [-124, -97]], [[71280, 19213], [-59, 32], [-7, 14], [61, 5], [5, -51]], [[71445, 19132], [52, -47], [3, -17], [-62, 31], [7, 33]], [[71189, 19940], [-3, 15], [23, 1], [-7, -13], [-13, -3]], [[71259, 20539], [37, -31], [144, -262], [-27, -97], [-264, 490], [110, -100]], [[68147, 20822], [-18, -26], [-9, 57], [21, -1], [6, -30]], [[73550, 18919], [-324, 79], [-137, -273], [-237, 149], [-228, 403], [-244, -177], [-289, 148], [-786, 12], [233, 437], [-208, 271], [190, 129], [-346, 645], [-634, -291], [-1219, -39], [-206, 179], [37, 135], [-262, 376], [97, 61], [-179, 31], [-32, 243], [-345, 62], [-176, -275], [-60, 98], [128, 164], [-145, -107], [-145, 356], [-72, -33], [184, -413], [-360, 143], [252, -242], [-135, 29], [-20, -93], [226, -46], [-292, -145], [368, -199], [235, 240], [-425, -485], [-133, -40], [-420, 203], [-1279, 118], [-205, 234], [253, 233], [-32, 175], [-391, 307], [-2043, 78]], [[69783, 22342], [-64, 126], [-429, -38], [-220, 335], [-85, -824], [348, -108], [60, -622], [520, -27], [457, 430], [-41, 89], [192, 22], [-12, 288], [-131, 112], [-406, -348], [-189, 565]], [[27350, 82230], [319, 353], [853, 60], [1306, -481], [2394, -152], [1209, -536], [942, 165], [665, 335], [811, 742], [1139, 276]], [[55250, 33940], [-299, 368], [-98, 493], [71, 218], [-152, 122], [179, 134], [-119, 199], [-220, -52], [-225, 627], [33, 247], [-378, -1], [-206, -201], [-2, 618], [-240, 268], [-225, -357], [-197, -26], [-149, -350], [-212, -33], [-139, -239], [-18, -514], [-253, -155], [-84, -224], [-41, -317], [108, -40], [-410, -318], [-115, -409], [-875, -104], [-189, 303], [-282, -30], [-472, -165], [31, -294], [-90, -66]], [[27386, 47339], [-34, 54], [-1, 45], [96, -72], [-61, -27]], [[24892, 49986], [154, 191], [308, 15], [-178, -204], [574, -42], [422, -192], [126, -279], [131, 35], [-167, -204], [-287, 14], [-952, 585], [-492, 2], [-197, 426], [464, 126], [137, -235], [-274, -64], [139, -222], [92, 48]], [[26969, 47915], [7, 166], [138, -50], [-117, -7], [-28, -109]], [[34266, 47522], [112, -194], [-71, -228], [-369, -19], [132, -168], [-87, -188], [225, -208], [-226, -327], [66, -213], [-144, -404], [-44, 134], [-398, -178], [-116, 292], [-345, 28], [-221, -225], [-547, 22], [-9, -163], [-409, -193], [22, -129], [407, -44], [-136, -105], [-19, -402], [276, -309], [-180, 8], [-161, -320], [356, -29], [568, -591], [-170, -303], [453, -141], [-87, -129], [175, -56], [-301, -469], [131, -22], [129, -179], [-37, -202], [126, -75], [-519, -269], [206, -303], [246, 58], [-37, -197], [-188, 68], [-44, -400], [183, -104], [252, 242], [170, -180], [256, 7], [86, -178], [242, 15], [-39, -426], [459, 8], [351, -206], [4, -381]], [[27988, 43474], [249, 68], [-212, 412], [-156, -41], [-1130, 811], [-146, -55], [237, -181], [-220, 15], [-66, 377], [-31, 714], [725, 199], [-233, 564], [385, 34], [259, 492], [-9, 302], [-154, 78], [235, 118], [-384, 483], [193, -114], [272, 118], [-57, 429], [-186, 89], [-81, 409], [-288, 128], [129, 59], [-28, 149], [-306, 117], [85, 179], [-306, -99], [-247, 119], [269, 323], [24, 249], [597, 493], [-124, 502]], [[26461, 46254], [-135, 368], [-788, 723], [-13, 489], [-167, 490], [287, -88], [375, -465], [527, -103], [26, -582], [315, -415], [-138, -372], [84, -214], [-210, -264], [-163, 433]], [[55593, 55982], [-472, 93], [-65, -132], [-271, -1], [-462, -494], [9, -162], [-351, 75], [-249, -170], [-163, 292], [-137, -18], [-83, -270], [-537, -292], [72, -165], [-68, -174], [-126, 150], [-260, -179], [177, -74], [-33, -314], [-136, -67], [216, -145], [101, -430], [-532, -344], [-110, 114], [-159, -96], [-1, 125], [-933, -183], [-246, -264], [-5, -209], [-151, 27], [-134, -532]], [[52030, 42488], [-141, -619], [229, -159], [13, -203], [-317, -129], [-606, 428], [-251, 9], [128, -270], [-130, -415], [64, -98], [-299, -150], [-174, -347], [-144, 14], [-178, -246], [-18, -182], [-347, -262], [82, -433], [209, -162], [-363, -284], [79, -207], [-108, -347], [-233, 44], [-307, -313], [311, -507], [-30, -168], [-500, -140]], [[64173, 67573], [132, 377], [1642, 51], [-125, 401], [291, 231], [855, -91]], [[11312, 77368], [-60, 5], [0, 15], [64, 8], [-4, -28]], [[11574, 77537], [-4, 15], [25, 15], [-2, -19], [-19, -11]], [[14680, 76495], [-5, 35], [44, -11], [-2, -12], [-37, -12]], [[14705, 77003], [-17, 12], [5, 15], [16, -20], [-4, -7]], [[14686, 77134], [-14, 6], [14, 18], [8, -13], [-8, -11]], [[11211, 77331], [-20, 15], [44, 2], [-6, -13], [-18, -4]], [[14891, 76329], [29, 7], [4, -7], [-42, -12], [9, 12]], [[14424, 76937], [-9, 54], [34, 2], [3, -47], [-28, -9]], [[14658, 76992], [-7, 4], [-15, 38], [16, 2], [6, -44]], [[14621, 76927], [-10, 17], [25, 5], [0, -12], [-15, -10]], [[20043, 74673], [-12, 24], [59, 63], [0, -41], [-47, -46]], [[14542, 76908], [-80, 141], [105, 15], [-98, 55], [179, 82], [-106, -293]], [[10586, 76475], [-8, 105], [149, 10], [-47, -83], [-94, -32]], [[10531, 76186], [-49, 10], [-29, 42], [52, -12], [26, -40]], [[10523, 76489], [-20, 20], [-41, 8], [61, 28], [0, -56]], [[10433, 76471], [-18, 2], [-21, 14], [31, 7], [8, -23]], [[14425, 76889], [-11, 14], [-4, 18], [24, -9], [-9, -23]], [[10635, 76486], [-17, 11], [16, 13], [1, -24]], [[13307, 77196], [-9, 85], [-45, -12], [-15, 39], [84, -11], [-15, -101]], [[11791, 76849], [-10, 20], [-12, 76], [32, -37], [-10, -59]], [[14289, 77142], [-34, 15], [85, 21], [-43, -17], [-8, -19]], [[12661, 76983], [-20, 2], [-17, 13], [20, 17], [17, -32]], [[13230, 77182], [-20, 12], [13, 36], [9, -23], [-2, -25]], [[12503, 76997], [-25, 14], [31, 4], [-6, -18]], [[12786, 77043], [5, 41], [-12, 23], [16, -25], [-9, -39]], [[13178, 77046], [-8, 7], [-1, 38], [14, -5], [-5, -40]], [[10777, 76544], [-7, 21], [6, 14], [11, -24], [-10, -11]], [[12470, 76992], [-21, 21], [2, 14], [16, -6], [3, -29]], [[12562, 76985], [-16, 4], [-15, 21], [24, -8], [7, -17]], [[12704, 76929], [-10, 7], [11, 17], [5, -20], [-6, -4]], [[12567, 76919], [-18, 13], [11, 5], [7, -18]], [[21314, 74138], [234, -300], [-138, -139], [70, -233], [-84, -31], [-47, -60], [137, 68], [115, 287], [83, -83], [29, 10], [1, 201]], [[10074, 75092], [239, 277], [98, -170], [270, 87], [-98, 414], [197, 92], [40, 197], [-241, 106], [-7, 208], [129, 211], [217, 42], [-88, 123], [194, 51], [-42, 113], [90, 55], [573, -154], [-84, -226], [293, 25], [513, 382], [393, -39], [271, 366], [126, -231], [-84, -124], [106, -4], [-231, -473], [116, -51], [-27, 130], [278, 485], [739, 392], [-186, -158], [111, 8], [63, -99], [-120, 30], [64, -137], [-91, -153], [176, -18], [-353, -723], [176, 91], [-44, 118], [213, 410], [434, -8], [28, -212], [-282, -138], [248, -35], [-128, -42], [88, -120], [436, 55], [158, -174], [-113, -348], [806, -670], [85, -463], [-67, -133], [746, -427], [-47, -249], [269, -406], [-3, 413], [352, -61], [527, 753], [540, 236], [36, 136], [-134, 96], [341, 78], [141, -202], [675, 570], [34, -169], [188, -79], [-345, -456], [131, -98], [471, 365], [-50, -138], [276, -406], [9, -207], [145, 200], [-24, 172], [124, -337], [133, 125], [-89, 84], [134, 216], [183, -136]], [[49712, 52180], [772, -37]], [[50484, 52143], [38, -385], [304, -42], [44, -150], [-100, 33], [-151, -258], [436, -323], [183, 198], [196, -204], [4, -261], [148, 106], [256, -143], [58, -343], [173, -78], [77, -536], [230, -146], [38, -311]], [[51920, 45144], [-383, -393], [-594, 102], [-152, -386], [-297, -77], [-93, -7], [15, 290], [-323, 43], [-82, 174], [-117, -146], [90, 174], [-295, 213], [-53, -151], [-156, 142], [-333, -76], [-5, 184], [-217, 196], [-344, -168], [-68, -287], [-237, 41], [-56, -193], [-177, 79], [-161, -157]], [[43490, 42136], [279, -103], [-79, -18], [26, -172], [-185, 43], [4, -224], [445, -183], [-408, -585], [-200, -10], [-50, -511], [341, -226], [-305, -287], [-35, -196], [433, -169], [-253, -217], [264, -271], [810, -142], [-241, -209], [114, -92], [36, -354], [332, -429]], [[34692, 38632], [24, 394], [282, 133], [-163, 115], [160, 273]], [[34995, 39547], [349, 364], [292, 2], [219, -200], [239, 231], [61, 319], [629, 379], [-132, 726], [184, 577], [291, 104], [-102, 239], [182, -161], [23, 165], [332, 275], [341, -7], [231, 554], [277, 146], [26, 791], [103, 136], [89, -159], [200, 70], [-6, 181], [227, 189], [200, 440]], [[82180, 62526], [-14, -280], [-163, -19], [-240, -530], [928, 208], [222, -108], [58, -283], [-320, -105], [44, -110], [-130, -182], [-382, -94], [98, -445], [-777, -738], [116, -60], [-54, -90], [-1003, -770], [-76, -154], [184, -161], [-689, -607], [-821, -179], [-436, -467], [218, -393], [-31, -395], [-198, -403], [188, -245], [-44, -147], [-1158, -856], [-1159, -1159], [181, -204]], [[74432, 34577], [197, -166], [-271, -382], [-250, 96], [-2, -145], [-174, -96], [-587, 122], [37, -405], [-340, -700], [458, -424], [-236, -7], [-180, -367], [-986, 348], [41, -528], [226, -100], [-27, -101], [-512, -36], [167, -343], [-75, -208], [208, -37], [196, -303], [204, 136], [176, -216], [569, 30], [-156, -269], [206, -79], [58, -327], [271, -2], [-84, -108], [83, -607], [-71, -59]], [[73578, 29294], [-166, -19], [-56, -193], [265, -73], [-30, -176], [-318, 43], [57, 174], [-205, 237], [-226, -27], [-80, -176], [97, -193], [-543, -373]], [[66603, 30713], [114, 1034], [224, 299], [-86, 409], [134, 350], [-99, 252], [130, 247], [201, 68], [256, 671], [-124, 1200], [237, 226], [28, 196], [154, 43], [-16, 196], [165, 100], [113, 284], [-35, 284], [209, 361], [-343, 730], [167, 488], [-210, 168], [1, 261], [-182, 284], [176, 325], [-135, 124], [-60, 1328]], [[36988, 82992], [284, 113]], [[37774, 78079], [226, 701], [-537, 343], [163, 260], [178, -46], [-7, 153], [-128, 24], [122, 58], [-113, 29], [65, 302], [170, 124], [-322, 135], [20, 640], [-463, 328], [422, 162], [7, 220], [-147, 119], [-362, -142], [95, 141], [-169, 178], [189, 266], [-164, 316], [-31, 602]], [[40509, 75204], [333, 179], [182, 336], [208, -115], [389, 224], [379, -26], [207, 317], [341, -126], [46, 431], [692, -319], [157, 119], [97, -121], [472, 32], [306, 207], [-91, 538], [707, 451], [40, 207], [-158, 275], [364, 168]], [[7753, 65494], [-24, -2], [43, 26], [1, -13], [-20, -11]], [[7811, 75883], [-209, 22], [-120, 80], [233, 67], [96, -169]], [[8048, 65383], [-7, 77], [45, 21], [4, -11], [-42, -87]], [[7684, 65421], [-9, 34], [32, -22], [-9, -9], [-14, -3]], [[7558, 66019], [13, 40], [45, -12], [-8, -18], [-50, -10]], [[2001, 68658], [-19, 2], [-62, 78], [-88, 11], [137, -3], [32, -88]], [[7776, 65271], [-35, 68], [23, 24], [54, -74], [-42, -18]], [[9124, 66111], [-11, 0], [-17, 11], [24, 5], [4, -16]], [[872, 72681], [-15, 18], [17, 52], [10, -43], [-12, -27]], [[3446, 74484], [-26, 3], [4, 21], [13, -8], [9, -16]], [[7349, 75538], [-81, 20], [-7, 11], [58, 9], [30, -40]], [[6544, 66808], [-92, 126], [-13, 9], [78, 32], [27, -167]], [[6554, 66702], [-49, 40], [4, 25], [45, -32], [0, -33]], [[6507, 66784], [-12, 3], [-9, 12], [20, 5], [1, -20]], [[5462, 69361], [-9, 6], [-5, 24], [26, -14], [-12, -16]], [[4099, 71429], [-4, 19], [21, -8], [-17, -11]], [[4145, 71446], [-8, 10], [15, 20], [7, -12], [-14, -18]], [[1231, 72326], [-56, 87], [31, 39], [64, -57], [-39, -69]], [[1073, 72639], [8, -29], [-29, -2], [10, 24], [11, 7]], [[2399, 72818], [-18, 6], [10, 10], [8, -16]], [[3563, 74331], [-22, 4], [23, 14], [-1, -18]], [[1890, 71833], [31, 97], [110, 43], [-85, -64], [-56, -76]], [[1672, 72152], [-78, -1], [-37, 22], [90, 15], [25, -36]], [[1328, 72127], [66, 55], [13, -6], [-26, -34], [-53, -15]], [[1294, 72413], [-18, 30], [34, 19], [4, -13], [-20, -36]], [[1648, 72211], [-13, 21], [-3, 29], [20, -28], [-4, -22]], [[8283, 75301], [-44, 126], [20, 75], [46, -153], [-22, -48]], [[3870, 74537], [-11, 12], [-9, 18], [33, -4], [-13, -26]], [[3988, 74765], [-30, 18], [3, 18], [42, -16], [-15, -20]], [[3890, 74868], [-16, 6], [6, 23], [21, -18], [-11, -11]], [[3722, 74713], [-11, 11], [-1, 22], [12, 0], [0, -33]], [[5005, 74881], [-11, 7], [17, 12], [3, -12], [-9, -7]], [[5864, 71224], [-20, 5], [-7, 12], [25, 13], [2, -30]], [[10074, 75092], [120, -637], [360, -147], [-69, -262], [186, 12], [207, -217], [-432, -424], [-21, -178], [388, -314], [-340, -268], [-49, -342], [364, -97], [-61, -317], [83, -336], [221, 38], [-248, -257], [247, -132], [-266, -537], [261, -400], [-309, -38]], [[11000, 66788], [-129, 141], [98, -193], [-97, -231], [140, -232], [-118, -371], [-731, 123], [14, 142], [-250, -120], [-284, 272], [174, 161], [321, 18], [59, 78], [-337, -85], [-33, 112], [-253, -283], [-62, 91], [-26, 233], [-23, 103], [-19, 21], [43, -529], [-752, -61], [10, 147], [-326, 326], [149, 240], [-195, -91], [-69, 62], [92, -3], [34, 65], [-202, 86], [-115, 302], [-175, -57], [-28, 154], [-102, -142], [103, -431], [-426, -94], [-330, 179], [281, -107], [-217, 256], [-139, -145], [-309, 480], [41, 170], [23, -12], [28, 7], [7, 50], [94, 3], [45, 59], [2, 59], [38, -24], [31, 34], [25, -49], [113, -18], [9, 9], [-117, 40], [77, 105], [-176, -91], [97, 251], [-149, 168], [110, -133], [-144, -178], [77, -172], [-135, -50], [-8, -55], [-61, 2], [-69, -162], [36, -135], [-209, 100], [313, -176], [116, -286], [-384, -232], [-62, 405], [-114, -29], [-15, -179], [-61, 77], [-32, 15], [-26, -6], [384, -364], [-119, -272], [-129, -87], [-146, 159], [-17, -204], [-1012, 42], [-86, 245], [236, 206], [-286, 886], [-428, 557], [-583, 314], [38, 238], [292, 37], [-351, -2], [29, -217], [-199, -177], [-464, 303], [-438, -33], [-296, 148], [224, 35], [-43, 208], [288, -42], [45, 127], [773, 38], [104, 139], [1119, 208], [261, -262], [-12, 130], [210, -81], [121, 139], [92, 525], [-152, 42], [29, 179], [-170, 288], [-1176, 332], [-344, -674], [-122, -6], [37, 395], [-132, 236], [192, 181], [-544, 42], [55, 198], [-97, 85], [405, 12], [-86, 384], [184, 193], [157, 34], [-185, -368], [162, -223], [248, 279], [-126, -162], [104, -148], [568, 125], [62, -175], [167, -9], [769, 214], [46, -117], [-115, 44], [-44, -150], [226, -109], [-71, -64], [152, -79], [178, 87], [19, -100], [42, -66], [499, -59], [148, 86], [-22, -270], [135, 382], [-258, -144], [-557, 200], [-147, -75], [-284, 256], [624, 187], [-341, 27], [80, 144], [-140, -149], [-235, 138], [223, 147], [-590, -114], [485, 435], [-445, -200], [78, 241], [-251, -193], [60, 117], [-215, -300], [-252, -13], [123, 184], [-410, -155], [339, 548], [662, 378], [212, 187], [61, 97], [-895, -569], [-197, 81], [-45, -153], [-317, 1], [-849, -459], [-489, 182], [-208, -255], [-394, -25], [-79, 310], [204, 16], [31, 57], [-274, -45], [175, 173], [-236, 374], [210, 535], [305, 90], [-269, -54], [-113, 191], [64, 227], [-75, 55], [201, 118], [-34, 163], [205, 160], [128, -84], [-3, 192], [521, 91], [212, -75], [41, -175], [580, -88], [-552, 170], [-45, 120], [-130, 41], [53, 256], [414, -50], [433, -271], [-132, 184], [-416, 145], [-39, 213], [167, -4], [-1, 129], [276, -164], [411, 209], [286, -55], [-257, 192], [622, 231], [331, -131], [-147, -186], [144, -140], [153, 173], [533, 27], [-178, 59], [244, 293], [388, 106], [329, -40], [161, -227], [3, 306], [340, 264], [41, -150], [79, 154], [164, -52], [-43, -488], [146, -15], [-45, -573], [147, -185], [-111, 528], [199, 259], [210, -47], [-102, -103], [58, -149], [251, -141], [-48, -292], [148, 232], [200, 19], [-212, 25], [-113, 403], [124, -104], [-56, 298], [124, 213], [105, -89], [-1, 173], [956, -323], [252, 94], [-78, -138], [106, -93], [-136, -145]], [[255, 72805], [-100, 30], [126, 177], [-281, -46], [460, 317], [259, -199], [-464, -279]], [[298, 73230], [-40, 31], [-14, 3], [96, -10], [-42, -24]], [[2483, 73734], [-12, 35], [24, 7], [6, -36], [-18, -6]], [[62165, 32045], [268, -144], [-14, -263], [224, -153], [-191, -142], [117, -285], [-28, -254], [-121, -87], [107, -132], [512, 209], [110, -250], [239, 45], [63, -189], [480, -353], [215, 291], [-7, 223], [192, 58], [62, 181], [446, 88], [81, -137], [-53, -437], [306, -77], [79, 555], [351, 68], [62, -165], [245, -24], [68, -239], [615, -329]], [[67205, 26554], [-319, -409], [-342, -171], [-3, -168], [172, -51], [-166, -151], [65, -485], [-270, -608], [103, -403], [-615, 226], [-338, -85], [-416, -766], [315, -128], [-80, -233], [-861, -552], [-123, 97], [46, 96], [-60, 13], [-41, -106], [114, -174], [-578, -298], [-64, -399]], [[63744, 21799], [-668, 261], [-106, 232], [153, 242], [-259, 230]], [[57812, 26449], [-8, 360], [330, 212], [312, 531], [-418, 370], [-260, -75], [-156, 295], [-233, -115], [-218, 257], [410, 174], [80, 502], [265, 122]], [[48769, 21560], [55, -152], [-333, -148], [-232, 193], [-229, -50], [-105, -289], [-61, 257], [-270, 254], [-97, -289], [-169, -45], [60, -162], [-157, -24], [71, -523], [-610, -6], [82, -274], [-217, -116], [84, -76], [-190, -225]], [[46451, 19885], [-100, 80], [-161, -208], [38, -175], [-139, -70], [15, 188], [-444, 213], [-48, -235], [-128, 247], [-187, -84], [-8, 207], [-138, 24], [-53, -342], [124, -378], [-138, 60], [-135, -190], [-350, 176], [88, 290], [-359, 351], [-22, 222], [-277, 56], [-271, -280], [10, -253], [543, -194], [4, -318], [-317, -94], [-49, -150], [-601, -17], [-124, -264], [407, -145], [197, -264], [-290, -137], [12, -180], [-261, -59], [-104, 340], [-573, 378], [-245, -227], [-234, 119], [-119, -473], [-231, 147], [-76, -220], [105, -103], [-187, -98], [105, -273], [-51, -210], [242, -156], [-314, -380], [-689, -157], [59, -272], [-386, -154], [214, -928]], [[40805, 15295], [-1020, 366], [-208, -65], [-130, -188], [74, -355], [-165, -190], [146, -84], [-169, -212], [259, -320], [-24, -333], [-539, 152], [-68, -113], [-745, 53]], [[41455, 25152], [241, -492], [509, -375], [-105, -282], [358, -150], [-93, -160], [357, -32], [126, -376], [148, 96], [91, -115], [37, -350], [-593, -128], [45, -111], [-132, -126], [-79, 136], [-236, -60], [159, -144], [-177, -115], [157, -100], [-380, -332], [189, -149], [-179, -290], [74, -128], [-249, -90], [83, -305], [-81, -135], [-106, -40], [-93, 244], [-137, -57], [-183, 261], [-658, 109], [-90, -177], [-398, 213], [70, -163], [-173, -345], [-135, 66], [-414, -642], [-314, -40]], [[26537, 33408], [38, 9], [27, -50], [-96, 1], [-18, -175], [-36, 80], [25, 75], [60, 60]], [[27959, 33987], [26, 136], [85, -110], [-74, 12], [-37, -38]], [[28002, 33935], [-26, 29], [5, 33], [39, -31], [-18, -31]], [[26953, 34480], [-49, -1], [-17, 51], [56, 18], [10, -68]], [[26939, 34434], [-32, 23], [0, 16], [19, 2], [13, -41]], [[27988, 43474], [1257, -1431], [456, -676], [145, -486], [752, -69], [324, 63], [63, 227], [110, -121], [22, -365], [631, -20], [370, -206], [-41, -262], [133, -87], [-106, -321], [243, -640], [244, 241], [241, -326], [38, 115], [183, -54], [154, -300], [460, -211], [336, -40], [297, 318], [233, -224], [159, 33]], [[34692, 38632], [224, 172], [352, -39], [197, -464], [-477, -1257], [213, -327], [-310, -593], [-158, -57], [376, -24], [345, -319], [183, 147], [93, -144], [537, 12], [343, 377], [-25, 154], [279, -51], [245, -221], [-192, -229], [-157, 34], [52, -420], [176, -237]], [[26436, 32125], [-43, 775], [327, 577], [140, 628], [335, -15], [-46, -197], [990, 85], [-108, 306], [-339, 185], [217, -40], [-95, 138], [-791, 720], [-42, -315], [-400, -536], [-82, -717], [-118, 94], [680, 6842], [40, 1808], [442, 885], [445, 126]], [[58780, 19776], [11, 14], [9, -12], [-20, -2]], [[57812, 26449], [450, -23], [107, -151], [-126, -252], [71, -97], [553, 342], [101, -429], [344, -110], [150, 60], [-173, 163], [49, 123], [279, 406], [104, -8], [0, -202], [25, 196], [196, -62], [96, 455], [312, 184], [380, -52], [56, -252], [215, -77], [-159, -568], [327, -120], [443, 208], [35, -303], [390, -159], [-92, -414], [358, 48], [650, -711], [197, -10], [345, -971], [-296, -579], [-448, 66], [-66, -35], [228, -189], [-49, -162]], [[62864, 22764], [-639, -28], [-768, -418], [-663, -716], [-488, -258], [5, -150], [-562, -185], [-908, -1142], [-787, 145], [-1043, -749]], [[57011, 19263], [-284, 385], [-281, -81], [-108, 175], [-209, -62], [-389, 273], [-292, -63], [-44, 473], [-390, -83], [-385, 164], [-2, 382], [-146, 172], [-90, -93], [94, -435], [-428, -108], [82, -106], [-314, -532], [-458, 172], [-107, 491], [-205, -302], [-181, 53], [-104, -143], [-216, 504], [-304, 129], [99, 434], [269, 214], [-197, 141]], [[54935, 24202], [338, 145], [525, -145], [-66, 524], [159, 233], [-186, 338], [111, 350], [997, -228], [256, 166], [-100, 306], [208, 367], [528, -11], [107, 202]], [[20277, 74866], [-14, 1], [-3, 13], [22, 9], [-5, -23]], [[22450, 75584], [4, 27], [25, 25], [-29, -52]], [[21676, 75478], [-8, 24], [16, -4], [-8, -20]], [[20519, 74530], [-183, 311], [690, 40], [-31, -133], [137, 11], [19, -228], [238, -224], [-75, -169]], [[21314, 74138], [-255, -254], [-3, 234], [-341, 69], [-196, 343]], [[20856, 75251], [32, 42], [11, -19], [-29, -13], [-14, -10]], [[21714, 73858], [-145, -23], [43, 198], [-93, 2], [-70, 291], [220, -82], [-46, 161], [-343, 62], [73, 173], [-203, 226], [287, 281], [2, 201], [343, -2], [-145, 67], [152, 121], [220, -127], [405, 224], [64, -323], [-247, -354], [314, -358], [396, -86], [1337, 246]], [[19407, 69706], [109, 182], [240, -69], [-89, 121], [177, 179], [-36, 370], [298, 0], [5, 403], [199, 121], [326, -97], [73, 154], [-100, 84], [389, 239], [267, -193], [142, 198], [239, -59], [-60, 510], [257, 43], [-127, 225], [121, 265], [-147, 452], [290, 437], [-96, 177], [85, 164], [-77, 297], [-178, -51]], [[47476, 60332], [22, -428], [-459, -481], [737, -309], [772, 272], [108, -160], [-62, -177], [309, 129], [47, -359], [-183, -265], [545, -499], [-263, -438], [1, -205], [269, -216], [305, -18], [-193, -324], [-296, -117], [92, -137], [-137, -210], [-213, 18], [488, -582], [-141, -248], [-198, -41], [166, -247], [-29, -152], [465, -210], [-111, -285], [343, -227], [-22, -392], [-130, -153], [51, -251], [-107, -72], [309, -751], [-360, -272], [111, -345]], [[49712, 52180], [-536, -155], [-750, 334], [-370, -98], [-103, 119], [-472, -183], [-282, 299], [-299, -28], [40, -256], [-226, -379], [-295, 287], [-281, -339], [-106, 35], [-119, 355], [-429, -304], [-14, 262], [-151, 75], [-163, -322], [-563, -489]], [[43991, 59993], [263, -658], [-149, -220], [-175, 37], [-38, -331], [-125, 4], [-277, -518], [-143, -78], [-480, 261], [-529, -190], [-191, -260], [59, -409], [-192, -157], [-176, -1289], [-181, -112], [138, -108], [53, -364], [-193, 66], [-183, -278], [-198, 204], [-407, -90]], [[77555, 38883], [-216, -190], [107, -375], [-167, -65], [-110, -542], [337, -177], [477, 39], [-4, -472], [244, -120], [-23, -887], [-213, -26], [-198, 225], [-327, -230], [-776, 131], [-519, -499], [-236, 222], [-492, -338], [208, -239], [-197, -221], [-472, -133], [-372, 133], [-174, -542]], [[74432, 34577], [-309, -111], [-354, 342], [-352, -68], [-177, 314], [-521, 423], [33, -278], [-630, 282], [155, 288], [-142, 30], [135, 987], [-41, 456], [108, 301], [-193, 486], [66, 275], [131, 13], [-76, 125], [-150, 27], [-328, -429], [-202, 116], [92, -168], [-73, -50], [-309, 281], [-495, -75], [-404, 302], [-311, -189], [-186, 86], [356, 478], [16, 498], [-152, 418], [233, 74], [-296, 391], [-254, -81], [107, 516], [-416, -165], [-144, 381], [-215, -13], [-188, 269], [-785, -483], [-142, 124], [-397, -109]], [[67622, 40641], [-262, 264], [82, 292], [-122, 134]], [[69667, 45920], [49, -153], [41, 128], [237, -50], [289, -352], [239, -23], [296, 228], [216, 574], [353, 365], [403, -318], [157, -247], [-96, -210], [721, -950], [310, -208], [-47, -108], [-142, 135], [45, -257], [231, -53], [254, -552]], [[73733, 60800], [265, -653], [293, -85], [29, -230], [180, -15], [113, -286], [-388, -479], [93, -405], [-145, -103], [-181, 104], [112, -162], [-36, -215], [270, 24], [153, 269], [24, -301], [226, -147], [341, -76], [166, 190], [-8, -346], [199, 98], [-38, -104], [216, -42], [28, -126], [-158, -154], [276, -154], [-108, -262], [210, -180], [-43, -177], [183, -22], [-68, -188], [166, -71], [122, 149], [275, -153], [665, -744], [-150, -313], [-758, -540], [243, -400], [-387, -438], [609, -513]], [[76722, 53550], [104, -214], [-549, -729], [93, -225], [-152, -282]], [[76218, 52100], [-1326, -1551], [-979, -43], [-71, 492], [-479, 165], [-8, 205], [-338, -517], [-193, -10], [-191, -258], [-430, -41], [-116, 105], [126, 419], [-255, 4], [-96, 327], [-130, -382], [-22, 299], [-262, 311], [102, 126], [-538, 313], [175, 162], [-95, 187]], [[70716, 57878], [429, 337], [-292, 145], [58, 215], [290, 280], [405, 69], [153, 458], [204, 153], [141, 420], [-92, 175], [233, 182], [56, 738], [114, -63], [92, 215]], [[24593, 22511], [531, 1188], [909, 5082], [403, 3344]], [[26436, 32125], [1003, 361], [145, 301], [398, -257], [265, 12], [48, -260], [-330, -617], [748, 212], [741, -238], [204, 81], [-2, 124], [613, 10], [98, 166], [328, -150], [13, -365], [-111, -69], [776, -366], [72, -262], [583, -169], [2, -222], [328, -150], [-43, -788], [800, -160], [331, 124], [-17, 603], [218, 73], [362, -466]], [[35483, 27159], [-145, -236], [149, -447], [-120, -202], [-564, 339], [209, 245], [-292, 307], [-232, -397], [-157, 36], [-13, -195], [-200, 153], [-239, -171], [-132, 105], [-409, -407], [332, -179], [34, -182], [-74, 88], [-85, -143], [141, -257], [-25, -231], [-240, -18], [139, -503], [-83, -91], [168, -137], [-384, -299], [78, -142], [-128, -207], [124, -26], [-16, -166], [-145, -23], [-2, -173], [-124, 53], [29, -258], [207, 0], [30, -317]], [[40688, 69391], [700, 96], [17, -152], [333, 304], [306, 47], [38, -145], [-366, -265], [816, -114], [-41, -211], [112, -247], [299, -89], [-52, -99], [191, -156], [67, -355], [339, 121], [124, -183], [715, -82], [115, 282], [342, -49], [16, 363], [548, -304]], [[50199, 64449], [-815, -389], [61, -325], [472, -55], [120, -244], [-132, -351], [352, 40], [-87, -411], [88, -105], [-28, -273], [-91, -75], [-172, -23], [-111, 334], [-346, -327], [-157, 157], [-122, -558], [115, 33], [37, -375], [263, -357], [-200, -192], [-349, 61], [-536, -223], [-380, 276], [-123, -270], [-203, -103], [149, -191], [-87, -213], [-210, -101], [-231, 143]], [[47476, 60332], [-294, 190], [-134, -66], [-409, 465], [-326, -202], [-160, 75], [53, 86], [-408, 40], [4, -194], [-469, -25], [49, -377], [-498, 219], [-893, -550]], [[43991, 59993], [-574, 1035], [-450, 9], [-94, -161], [-381, 291], [-78, 285], [191, 256], [-127, 170], [131, 224], [-261, 390], [194, -21], [134, 215], [-327, 158], [63, 53], [-197, 366], [29, 181], [-167, 88], [214, 409], [-91, -53], [-209, 430], [-243, -248], [-35, 370], [-491, 129], [-150, -292], [-251, -52], [-71, 261], [88, 77], [-133, 138], [159, 462], [-266, -141], [-607, 198], [-181, -147], [-254, 176], [-180, -154], [40, 152], [-102, 112], [-168, -159]], [[67326, 42254], [23, -226], [-124, -195], [95, -502]], [[67320, 41331], [-953, -550], [47, -211], [-165, -20], [-54, -164], [77, -227], [-808, -153]], [[60096, 47123], [106, 445], [527, -11], [290, 269], [-165, 544], [109, 384], [-191, 230], [-25, 437], [130, 100], [-267, 787], [230, -17], [2, 188], [652, 183]], [[61479, 41243], [74, -244], [195, 400], [272, 37], [290, -496], [14, 235], [165, 54], [170, -202], [65, 223], [499, 72], [-55, 200], [219, 85], [386, -42], [250, -142], [1, -166], [421, 104], [219, -307], [-231, -207], [269, -177], [-148, -276], [257, -196], [322, 204], [331, -396]], [[65464, 40006], [-18, -420], [-254, -513], [90, -270], [-126, 30], [-13, -136], [-89, 293], [-333, 68], [-31, -158], [209, -104], [-4, -139], [-274, -57], [52, -105], [-142, -207], [243, -279], [-546, -159], [-79, -295], [148, -262], [-574, -61], [-73, -330], [-405, -617], [-837, -19], [-51, -414], [-144, 70], [-33, -191], [-122, 136], [41, -213], [-172, 184], [-124, -54], [-54, -298], [-179, -171], [99, -89], [-427, -269]], [[57833, 37290], [-109, 147], [168, 199], [-275, 27], [51, 179], [-252, 62], [101, 551], [-171, 17], [-51, 168], [296, -82], [242, 93], [-499, 166], [-187, 518], [87, 384], [-258, 120], [-83, 581], [-396, -81], [-27, 271], [-530, -61], [209, 202], [-159, 138], [175, 116], [-86, 210]], [[17124, 62284], [19, 39], [15, -21], [-16, -4], [-18, -14]], [[20701, 64556], [834, 641], [89, -236], [701, 383], [926, -101], [440, 113], [234, 555], [1037, 408], [-52, 333], [569, -66], [201, -311], [811, -229]], [[21494, 58380], [-165, 334], [-672, 542], [-978, 186], [164, 219], [381, 126], [59, 440], [-153, 242], [74, 367], [-118, 125], [-754, -487], [-523, 468], [-266, -1], [-76, -79], [60, -126], [-102, -4], [-781, 331], [234, 92], [62, 299], [-124, 308], [-257, 162], [617, 475], [236, -81], [-171, 108], [89, 124], [-88, 128]], [[54522, 63419], [-455, -267], [-511, 447], [-53, -451], [-378, -96], [-104, 282], [-263, 120], [9, 175], [-364, 320], [-489, -40], [-353, 423], [-454, -246], [-565, 446], [-343, -83]], [[50199, 64449], [13, 205], [-144, 276], [-100, -69], [-10, 174], [-1323, 7], [-308, -220], [-154, 31], [-41, 199], [-472, -53], [-51, 180], [-101, -59], [10, -300], [-345, -215], [-371, 260], [-180, 736], [-591, 283], [-81, -241], [-217, -112], [120, 151], [-358, 293], [155, 275], [-306, 242], [441, 601], [-61, 236], [-402, 310], [222, 216], [-49, 126], [129, 90], [-13, 159], [-304, -77]], [[45307, 68153], [44, 256], [-96, 214], [235, 15], [-12, 154], [332, -143], [172, 127], [32, 276], [246, 65], [69, -143], [126, 160], [381, -144], [385, 261], [436, -57], [320, 464], [53, 177], [-117, 66], [75, 150], [386, 37], [-136, 246], [106, 73], [29, -125], [59, 143], [-117, 440], [216, 407]], [[44818, 37781], [607, 280], [52, -182], [212, 121], [365, -73], [494, -469], [57, -211], [271, -118], [-10, -186], [174, -142], [73, 135], [106, -152], [154, 57], [50, 183], [78, -86], [449, 424], [207, -54], [68, -212], [288, 240], [486, 6]], [[48999, 37342], [101, -437], [201, -242], [-146, -66], [-16, -172], [573, -780], [14, -343], [-145, -112], [49, -247], [-175, -449], [201, -13], [134, -235], [-118, -114], [47, -254], [263, -236]], [[49982, 33642], [-88, -310], [-108, 93], [-313, -255], [-349, 179], [-116, -221], [-47, 179], [-982, -797], [24, -193], [-178, 201], [-40, -217], [-288, -28], [53, -475], [158, -118], [-40, -272], [305, -417], [-204, -173]], [[42280, 33250], [191, -57], [-59, 211], [383, 415], [-28, 389], [529, 138], [314, 395], [116, -82], [84, 302], [108, -40], [46, 253], [-165, 95], [-2, 225], [448, 157], [13, 351], [502, 299], [-187, 357], [205, 69], [-225, 917], [265, 137]], [[36988, 35146], [345, -438], [39, -668], [418, -87], [683, 335], [208, -143], [264, 352], [239, -79], [73, 152], [161, -96], [20, -194], [179, -26], [540, 34], [235, 238], [373, -336], [-98, -346], [-143, -85], [152, -136], [-37, -141], [243, -23], [51, 186], [703, 287], [225, -302], [404, -185], [15, -195]], [[42280, 33250], [-423, -421], [-214, 84], [236, -395], [-49, -265], [102, -72], [28, -400], [200, -65], [-42, -365], [86, -139]], [[40013, 28000], [-539, -421], [-469, 566], [-261, -252], [-652, 5], [-116, -271], [-415, -230], [-442, 39], [-93, -196], [-604, 328], [-322, -268], [-62, -246], [-129, 19], [21, 200], [-102, 79], [-345, -193]], [[35483, 27159], [-110, 427], [109, 54], [171, 587], [237, 218], [-5, 160], [-684, 66], [-259, 198], [-855, 25], [-78, 759]], [[34009, 29653], [119, 146], [238, -45], [376, 363], [-13, 257], [-346, 419], [47, 165], [692, 226], [-251, 440], [146, 292], [-141, 138], [-13, 471], [226, 238], [-130, 225], [493, -23], [73, 354], [467, 252], [-86, 311], [184, -63], [115, 271], [-531, 270], [6, 225], [193, -30], [45, 326], [239, -28], [62, 154], [117, -262], [121, 15], [-63, 162], [113, 246], [170, -146], [311, 124]], [[57833, 37290], [343, -254], [59, -529], [393, -875], [628, 268], [125, -97], [32, 514], [249, 45], [287, -247], [-63, -277], [540, 94], [135, -393], [246, -149], [73, -215], [226, 67], [-87, -173], [223, -112]], [[61242, 34957], [102, -66], [-109, -260], [155, -148], [-100, -198], [187, -336], [-21, -326], [206, -434], [207, -46], [296, -1098]], [[62165, 32045], [-321, -598], [-196, 45], [-247, -180], [451, -581], [-200, -270], [74, -303], [282, -170], [-197, -171], [37, -248], [-102, -239], [158, -38], [95, -279], [-343, 188], [26, -216], [-352, -356], [-295, 111], [-239, -102], [-865, 605], [-223, -103], [-65, -224], [175, -88], [-139, -253], [-469, 20], [-139, -143], [-76, 131], [-629, 71], [-61, 195], [-389, 233]], [[57916, 29082], [-74, 316], [-468, 56], [-611, -177], [180, 416], [-469, 146], [-103, 329], [-179, -152], [23, 234], [209, 243], [0, 232], [-140, -7], [-98, 346], [-10, 207], [154, 81], [-93, 223], [101, 127], [-33, 307], [-468, 478], [54, 718], [-641, 735]], [[55250, 33940], [237, 715], [154, 6], [-87, 143], [154, 346], [-6, 426], [196, 205], [-29, 135], [180, -46], [33, 550], [252, 172], [323, -430], [325, 272], [-67, 226], [158, 64], [-9, 239], [256, -135], [466, 292], [47, 170]], [[26491, 66046], [52, 341]], [[36530, 64321], [30, -313], [-279, -398], [223, -128], [-41, -253], [-266, -497], [-1, -382], [-183, -179], [200, -179], [-292, -199], [47, -169], [-203, -133], [-264, -496], [77, -24], [-150, -352], [77, -313], [-179, -205], [93, -71], [-87, -268]], [[27153, 58387], [214, 108], [10, 232], [-268, 100], [-98, 212], [-546, 54], [170, 210], [-97, 186], [526, 416], [-183, 434], [51, 214], [-116, 124], [-206, -136], [-174, 82], [-284, 598], [-398, -19], [390, 353], [887, 284], [1303, 52], [198, 160], [-104, 319], [98, 97], [-128, 658], [-278, -37], [-259, 178], [40, 428], [-149, 90], [341, 381], [-870, 269], [-153, 432], [-137, 32], [40, 306], [-137, 276], [-410, 101], [141, 241], [-76, 224]], [[26527, 84587], [-51, 22], [-7, 28], [43, 9], [15, -59]], [[22437, 77310], [-6, 30], [11, -6], [-5, -24]], [[24688, 74844], [-16, 9], [15, 11], [1, -20]], [[22576, 77235], [-77, 8], [-41, 90], [111, -59], [7, -39]], [[22952, 77272], [-12, 27], [12, 6], [0, -33]], [[27350, 82230], [43, -296], [-187, -212], [137, -276], [-104, -90], [770, -686], [334, -122], [324, 416], [248, -283], [-248, -414], [-223, -27], [491, -328], [-259, -277], [314, 151], [64, -505], [-155, -229], [211, -151], [-301, -199], [-254, -445], [-840, -489], [314, 73], [43, -125], [-388, -461], [-191, 60], [-415, -512], [389, -122], [76, -217], [-68, -34], [127, -123], [759, -50], [135, 168], [526, -344], [368, 144], [-145, -180]], [[27686, 73547], [-1252, 357], [-174, -356], [-325, -107], [-179, -311], [-470, -73], [-186, 276], [-270, 18], [-303, 625], [106, 167], [-163, 142], [39, 187], [-231, 284]], [[24278, 74756], [293, 31], [104, -167], [436, 106], [162, 206], [498, -127], [-326, 249], [8, 88], [153, 215], [-1, 55], [-474, -365], [-24, 156], [-379, 178], [-165, 438], [-284, 144], [-23, 794], [-272, 129], [201, 151], [139, 745], [76, 129], [-50, -214], [69, -191], [-43, 1353], [151, 76], [197, -141], [-251, 215], [-120, -47], [-110, -372], [-154, 378], [-67, 700], [189, 267], [-101, 114], [-121, 779], [307, 29], [-314, 168], [-102, -260], [-331, 712], [143, -3], [-190, 69], [-176, 375], [90, -6], [158, 77], [-305, -72], [-460, 508], [205, -65], [-11, 53], [-88, 68], [-256, -81], [-265, 1349], [-262, 232], [324, 513], [-75, 576], [-152, 253], [-507, 177], [75, 157], [-83, 280], [177, 95], [266, -213], [212, 130], [197, -287], [1411, -330], [-108, -46], [110, -105], [103, 177], [90, -100], [679, 180], [93, 292], [696, 106], [712, -122], [-40, -164], [225, -264], [71, -488], [-174, 68], [-122, -431], [16, 135], [-180, -7], [-69, -453], [920, -1296], [64, -213], [-107, -275], [394, -96]], [[62503, 82743], [976, -47], [68, -177], [319, -15], [408, -570], [242, -130], [216, 101], [140, -325], [347, -201], [1025, 194], [-39, -185], [287, -427], [372, 264], [376, -164], [484, 85], [347, -238], [75, 370], [317, 40], [70, -72], [-87, -76], [200, -157]], [[66736, 73787], [-298, 232], [-395, -65], [-156, -235], [-134, 30], [-25, 173], [-191, -65], [-657, 258], [-561, 536], [133, 167], [-116, 197], [115, 241], [-59, 257], [-178, 147], [-913, -72], [-232, -220], [-349, 154], [-147, -358], [-384, -24], [-357, -620], [-278, -17], [-57, -276], [-314, 55], [80, -433], [-270, -233], [-595, 237], [-645, -21], [-118, 424], [-297, 80], [-184, 357]], [[58675, 77067], [-23, 144], [318, 474], [287, 28], [25, 247], [191, 51], [-74, 168], [201, 58], [127, 390], [258, 102], [-188, 295], [-442, -40], [17, 210], [346, 185], [-262, 444], [151, 311], [443, 32], [105, -131], [313, 161], [16, 211], [-271, 5], [-86, 280], [-116, -82], [-196, 184], [173, 204], [-165, 193], [34, 334], [-140, 150], [38, 116], [909, 442], [512, -111], [48, 422], [-255, 166], [400, 30], [99, -128], [200, 151], [596, -505], [155, 17], [84, 468]], [[66736, 73787], [325, 103], [553, -125], [-112, 250], [92, 142], [-138, -21], [-80, 296], [638, 200], [-109, 362], [-477, 23], [66, 188], [1407, 145]], [[71524, 64281], [-126, -134], [-226, 214], [-470, -364], [-103, 202], [140, 263], [-148, -56], [-430, 367], [32, 291], [-361, -350], [-488, 220], [-68, 85], [116, 187], [-217, -15], [3, 170], [-409, -247], [-101, 160], [119, 287], [-101, 31], [15, 302], [-247, -30], [-32, 186], [437, 235], [81, 202], [-230, 201], [-43, 281], [-181, 49], [-167, 507], [-228, -36], [-61, -217], [-179, 107], [218, 346], [-143, 212], [-399, 31], [162, 250], [-144, 197], [-577, 127]], [[66968, 68542], [128, 262], [-446, 343], [331, 105], [175, 307], [697, -146], [-39, 245], [161, 140], [-105, 257], [187, 322], [-198, 224], [127, 79], [-98, 89], [150, 296], [-131, 176], [58, 130], [-249, 275], [176, 194], [-582, 252], [38, 216], [-84, 47], [-289, -14], [-183, 509], [-334, 212], [164, 96], [32, 363], [126, 118], [-44, 148]], [[27686, 73547], [450, -198], [216, 56], [115, 232], [314, -211], [332, 49]], [[32369, 65880], [-233, 201], [41, -153], [-297, -87], [-445, 314], [-94, -376], [-353, 79], [-177, -233], [-891, 25], [-505, 340], [-163, -31], [5, -164], [-367, 116], [-400, 338], [-131, -141], [133, -165], [-193, -53], [-287, 168], [-1012, 14], [-457, 315]], [[26543, 66387], [151, 217], [-48, 218], [232, 150], [-52, 228], [139, 83], [142, 698], [203, 64], [4, 155], [507, -24], [235, 195], [-131, 308], [91, 353], [-191, 229], [-355, 1765], [387, 673], [-135, 400], [74, 172], [-201, 510], [125, 181], [-93, 309], [59, 276]], [[29927, 65693], [-14, -6], [5, -17], [13, -3], [-4, 26]], [[72183, 83682], [579, 329], [374, -240], [218, 452], [710, -108], [163, 244], [312, -269], [134, 56], [93, -351], [291, -116]], [[68646, 81013], [682, 382], [56, 162], [-231, 210], [86, 60], [-80, 205], [239, 366], [270, 64], [20, 119], [-186, 136], [259, 163], [-99, 225], [74, 170], [-352, 442], [271, 317], [-76, 137], [170, 161], [5, 320], [207, -9], [126, -291], [495, 68], [185, -281], [333, 179], [194, 364], [258, -18], [105, 247]], [[71657, 84911], [430, -517], [-105, -149], [173, -269], [-133, -82], [161, -212]], [[72183, 83682], [82, -28], [-135, -129], [-13, -287], [178, -60], [-107, -214], [249, -60], [-148, -171], [-270, -6], [228, -222], [134, 271], [797, 123], [99, 168], [405, -214], [-16, -253], [342, -383], [-108, -334], [313, -188], [-54, -249], [-250, -106], [-25, -215], [133, -181], [-146, -145], [41, -208], [277, 19], [-145, -413], [186, -186], [-159, -186], [118, -149], [382, 20], [34, -189], [-148, -260], [210, 16], [123, -243], [-161, -101], [-107, -248], [91, -22], [-185, -208], [228, -104], [87, -246], [-320, -51], [-357, -302], [295, -315], [-182, -144], [122, -413], [-171, -333], [132, -100], [-425, -466], [344, -446], [-147, -496], [105, -322], [305, 38], [-91, -182], [-507, -190], [5, -279], [409, -209], [-101, -178], [26, -279]], [[72177, 72650], [-414, 243], [-78, 299], [-270, 38], [-207, 326], [-785, 199], [-306, 372], [-142, -49], [-183, 363], [-330, 0], [-97, 376], [-161, -193], [-220, 2], [-53, 456], [124, 98], [-154, 170]], [[68901, 75350], [122, 151], [-62, 108], [127, -1], [-46, 326], [-189, 44], [-328, 469], [-303, 94], [2, 167], [327, 263], [-172, 269], [48, 377], [217, 260], [432, 66], [172, 375], [-311, 105], [278, 95], [13, 312], [-179, 115], [-305, -140], [275, 394], [-62, 479], [-387, 804], [365, 254], [-289, 277]], [[72057, 82812], [126, 4], [4, 73], [-68, -62], [-62, -15]], [[71877, 83569], [202, -54], [105, 61], [-198, 172], [-109, -179]], [[14468, 62294], [-30, 6], [38, 6], [-8, -12]], [[11689, 64439], [-278, 2], [-357, 277], [580, -42], [100, -111], [-45, -126]], [[14576, 62110], [-13, 20], [25, 7], [0, -13], [-12, -14]], [[13230, 61075], [-13, 13], [16, 5], [-3, -18]], [[14770, 61728], [-15, 4], [-11, 18], [28, -1], [-2, -21]], [[15349, 61601], [139, 60], [16, -83], [-133, -110], [-22, 133]], [[12957, 61403], [-192, 292], [112, 362], [611, -235], [128, -366], [562, -213], [-245, -305], [-515, 238], [-345, -94], [-204, 216], [88, 105]], [[14911, 61911], [-310, 206], [-4, 57], [374, -44], [-60, -219]], [[12848, 62044], [-11, 31], [27, -1], [-7, -24], [-9, -6]], [[17326, 63492], [8, -23], [-11, -4], [-8, 13], [11, 14]], [[13614, 65391], [16, 10], [-2, -18], [-14, 8]], [[15514, 63823], [-16, 101], [72, 295], [-27, 19], [111, 70], [102, -191], [-175, -12], [-67, -282]], [[15853, 64012], [-22, 127], [133, 155], [46, -113], [-157, -169]], [[16413, 63953], [-74, 84], [-4, 31], [83, -43], [-5, -72]], [[16014, 63911], [-64, 26], [20, 86], [44, -40], [0, -72]], [[16236, 64257], [-115, 40], [-5, 43], [111, -36], [9, -47]], [[16075, 64095], [-41, 45], [-21, -13], [74, 61], [-12, -93]], [[15177, 63893], [-20, 92], [10, 20], [28, -90], [-18, -22]], [[15245, 63938], [-17, 12], [37, 43], [2, -36], [-22, -19]], [[16423, 64138], [-24, 20], [12, 30], [33, -29], [-21, -21]], [[15312, 63878], [2, 66], [15, -2], [7, -27], [-24, -37]], [[16001, 63839], [-30, 9], [-20, 25], [55, -15], [-5, -19]], [[16094, 64366], [-30, 8], [-38, 20], [64, -7], [4, -21]], [[15600, 64333], [-34, 12], [-4, 10], [28, 7], [10, -29]], [[15600, 63763], [13, 62], [16, 3], [-11, -52], [-18, -13]], [[15045, 64003], [-10, 15], [-6, 26], [34, -26], [-18, -15]], [[15856, 64175], [-16, 18], [-6, 28], [27, -23], [-5, -23]], [[15884, 63833], [-17, 33], [7, 16], [22, -24], [-12, -25]], [[15713, 63789], [-17, 21], [10, 17], [17, -19], [-10, -19]], [[15589, 63827], [-16, 9], [3, 18], [25, -16], [-12, -11]], [[15036, 64070], [-24, 7], [31, 14], [-7, -21]], [[15887, 64308], [-6, 15], [32, 8], [2, -19], [-28, -4]], [[16275, 63977], [-16, 14], [25, -1], [-9, -13]], [[15349, 63878], [-25, -23], [9, 25], [16, -2]], [[16169, 64136], [-11, 16], [17, 2], [-6, -18]], [[15147, 64006], [-8, 4], [0, 18], [16, -13], [-8, -9]], [[15449, 63995], [8, 24], [9, -9], [-17, -15]], [[16438, 64219], [-15, 12], [16, 8], [-1, -20]], [[13469, 65455], [27, 11], [-17, -138], [-33, 124], [23, 3]], [[13401, 65110], [-13, 2], [-6, 21], [18, 11], [1, -34]], [[13347, 65119], [-12, 8], [15, 27], [7, -24], [-10, -11]], [[13298, 65117], [-11, 19], [20, -8], [-9, -11]], [[10716, 70239], [862, -17], [116, -99], [-105, -194], [128, -101], [544, 257], [84, -211], [361, -104], [212, 119], [197, -90], [140, 225], [354, -11], [19, 272], [146, 169], [530, -28], [153, -62], [103, -382], [408, 112], [591, -308], [309, 48], [234, -614], [123, 298], [347, -31], [292, 187], [73, -336], [-154, -361], [118, -308], [734, 457], [-44, 214], [273, 352], [-123, 260], [773, 154], [415, -630], [56, 156], [422, 74]], [[19407, 69706], [219, -249], [-7, -478], [248, 185], [348, -48], [-138, -244], [-494, -111], [-178, -513], [329, 83], [645, -160], [446, -665], [-249, -284], [134, -305], [-94, -132], [124, -55], [249, 260], [21, -290], [106, -72], [-235, -227], [-24, -229], [-369, -209], [478, -273], [-500, -203], [235, -931]], [[20701, 64556], [90, -207], [-137, -208], [36, -584], [-391, -122], [-58, -337], [-187, 77], [52, 160], [-407, -191], [-145, 84], [73, 99], [-283, 46], [-139, -560], [-565, -55], [-157, 217], [-241, -297]], [[18242, 62678], [-235, -3], [-54, 460], [228, -104], [319, 130], [-773, 336], [-127, -159], [-538, -82], [137, 47], [21, 186], [223, -54], [-82, 77], [144, 35], [-102, 32], [154, 162], [-199, 112], [38, -200], [-146, -126], [-100, 212], [68, 142], [-11, 21], [-127, -186], [88, -125], [-66, -67], [-301, 126], [335, -180], [-294, -70], [-72, -274], [-308, 148], [-501, -227], [-343, 121], [-21, 240], [-383, 153], [75, 103], [-137, -22], [-12, 156], [245, 66], [171, -275], [178, 134], [-23, -46], [23, -93], [23, -2], [-3, 207], [119, -5], [46, -191], [84, 155], [136, -173], [224, 53], [110, 478], [52, -117], [147, 152], [18, 416], [-109, 6], [87, 54], [-154, 114], [66, -264], [-98, -29], [108, -14], [39, -89], [-142, 53], [93, -128], [-125, -128], [1, 134], [-389, 160], [303, -60], [-144, 256], [-159, -103], [-108, 177], [73, -247], [-540, 12], [27, -212], [-211, 12], [31, -244], [-36, -48], [-120, 179], [-118, -58], [50, 172], [-61, -111], [-2, 96], [-40, 47], [-24, -206], [-97, 246], [100, 167], [-153, 14], [5, 115], [-137, 210], [168, -480], [-127, -47], [122, -108], [-108, -90], [297, -323], [-337, 23], [-125, 324], [37, -243], [-105, -10], [-137, 267], [37, -254], [-174, 206], [-66, -186], [-279, -56], [-75, 118], [96, 38], [-236, 199], [-17, -240], [95, 5], [-96, -549], [331, -528], [-353, 47], [-182, 519], [172, 208], [-36, 345], [-127, 281], [-267, 174], [-79, 470], [319, 106], [204, 219], [-248, -48], [134, 201], [120, -128], [42, 224], [151, -78], [-43, 101], [-126, 2], [-168, -96], [123, 128], [-111, 21], [109, 143], [-84, 51], [-88, -239], [-176, 178], [-52, 21], [-49, -36], [212, -173], [27, -241], [-197, -10], [-18, -165], [-129, 85], [115, -123], [-130, -189], [26, -210], [-584, 457], [-388, -33], [35, 145], [186, 18], [267, -163], [55, 42], [-225, 196], [-282, -67], [-89, 76], [154, 58], [-35, 191], [287, 139], [161, 305], [-59, 137], [88, 32], [-85, -13], [-37, -68], [60, -140], [-213, -171], [-55, 102], [23, -182], [-146, -69], [-234, 569], [-37, -3], [-9, 80], [-43, 3], [38, 123], [-16, 116], [-74, -196], [320, -570], [-23, -216], [-215, -316], [-445, -64], [-516, 718], [73, 387], [-156, 268], [121, 203]], [[11000, 66788], [242, -260], [203, 132], [64, 272], [335, 5], [-43, 395], [-95, 35], [219, 201], [-100, 184], [59, 157], [-148, 170], [-358, -300], [-163, 298], [-269, 141], [-743, -35], [-227, 747], [-239, 90], [93, 273], [-259, 31], [120, 469], [1025, 446]], [[83125, 73833], [-157, 27], [187, 65], [-204, 67], [-133, 292], [-279, 134], [159, 108], [-47, 79], [-400, -8], [-142, 253], [-135, -157], [-382, 12], [-119, 222], [-368, -4], [-154, 277], [-230, -55], [-274, 204], [-128, -167], [64, 214], [-80, 150], [-446, 125], [-250, 417], [-389, -93], [-497, 420], [-504, -94], [-23, 345], [-363, 118], [257, 100], [-373, 127], [188, 179], [-94, 176], [207, 196], [-117, 214], [-950, 238], [-267, -98], [-108, 343], [-239, -52], [-51, 182], [-190, -43], [-96, 78], [90, -12], [1, 312], [-207, 241], [-384, 102], [-227, 460], [46, 177], [496, 29], [-157, 332], [350, 217], [-370, 302], [303, 294], [61, 283], [-183, 60], [-9, 562], [-126, -69], [-299, 309], [252, 97], [-364, 289], [56, 236], [-144, 120], [207, 232], [-78, 163], [71, 301], [-301, 56], [-25, 162]], [[75057, 83679], [537, -59], [12, -270], [92, -25], [-59, -97], [330, -48], [206, 184], [293, -136], [184, 419], [768, 212], [841, -564], [433, 179], [250, -107], [621, -466], [-106, -204], [417, -355], [-245, -196], [340, -468], [371, -219], [-60, -236], [192, -78], [42, -356], [187, 42], [55, -133], [-137, -180], [185, -255], [313, 45], [340, -170], [186, 309], [-164, 325], [173, 89], [199, -135], [225, 151], [745, -337], [-50, -211], [181, -589], [235, 180], [-58, 190], [140, 71], [84, -41], [-63, -131], [373, -186], [588, 93], [330, -151], [204, 283], [269, 26], [19, 279], [535, 121], [-82, -188], [417, 38], [85, -151], [-115, -188], [268, -403], [683, -241], [40, -200]], [[54522, 63419], [-201, 251], [894, 251]], [[62899, 61562], [253, 154], [-199, -475], [135, -17], [-131, -141], [74, -462], [71, -102], [295, 175], [336, -477], [-129, -540]], [[63414, 59627], [-454, -45], [6, -234]], [[59656, 55516], [-277, 122], [-88, -122], [151, -261], [-345, -26], [95, -337], [-318, -51], [-222, -338], [-167, 11], [-103, 105], [74, 288], [-212, 243], [-294, -14], [-217, -287], [-223, 45], [-88, 282], [-212, 4], [-506, -370], [-447, 478], [-428, 187], [-236, 507]], [[55593, 55982], [255, 596], [-133, 560], [199, 486], [-114, 247], [86, 514], [-380, 398], [60, 624], [-335, 1030], [29, 321], [-754, 733], [406, 1098], [-390, 830]], [[49032, 99153], [369, -164], [-95, 140], [275, 307], [197, -280], [87, 116], [-103, 53], [137, 136], [-27, 39], [-64, -4], [-71, 45], [162, -41], [129, -89], [922, 297], [214, -123], [1119, 414], [194, -876], [223, -129], [176, -461], [-290, -276], [122, -92], [27, -478], [-88, -151], [111, -5], [133, -364], [234, 100], [371, -127], [13, -181], [392, -426], [42, -252], [400, -35], [393, -313], [302, 604], [437, 233], [503, -6], [151, 212], [271, -41], [370, -796], [381, -114], [25, -258], [-168, -180], [268, -645], [63, -719], [595, -353], [502, 165], [166, 271], [309, -106], [-129, -372], [731, 100], [367, -416], [85, -557], [-120, -334], [362, -677], [-9, 162], [146, -91], [115, 418], [680, 23], [358, -265], [841, 324], [376, -504], [260, -58], [124, -481], [219, 26], [-123, 153], [90, 147], [308, -164], [86, -213], [-469, -397], [27, -504], [-195, -300], [476, 3], [4, -290], [228, -366], [-536, -331], [-112, -263], [186, -191], [-151, -164]], [[63136, 88618], [-386, -96], [-704, 248], [100, 350], [-89, 171], [-646, -357], [-84, 277], [-661, 96], [-426, 239], [-370, -177], [-83, -97], [93, -35], [-26, -100], [-114, 96], [-188, -140], [-495, 309], [-345, -372], [-865, 183], [-179, -202], [-404, -28], [-46, 154], [-297, 32], [-370, -217]], [[55677, 80938], [17, -1], [9, -19], [-34, 2], [8, 18]], [[55308, 80745], [-57, 59], [126, 64], [16, -39], [-85, -84]], [[55365, 80564], [2, -20], [-15, 2], [0, 14], [13, 4]], [[56180, 85822], [63, -452], [-203, -53], [102, -260], [-131, -90], [305, -478], [-84, -60], [11, -442], [-217, -139], [191, -277], [-114, -186], [402, -217], [-233, -157], [-232, 56], [-19, -622], [-348, -490], [-288, 116], [-254, -191], [109, -102], [-84, -90], [180, -43], [-49, -108], [344, -16], [-81, -271], [110, -303], [-138, -145], [-121, 53], [19, 130], [-285, -15], [46, -460], [137, 63], [213, -246], [101, -7], [-80, 243], [-132, -77], [-64, 139], [146, 181], [451, -268], [-24, -263], [75, -102], [-58, 183], [114, 254], [109, -82], [-58, -237], [271, -58], [-290, -142], [39, -153], [-121, 104], [-146, -252]], [[46560, 80966], [33, 330], [336, 81], [56, -208], [161, -56], [83, 260], [-35, 169], [-171, 27], [-78, 770], [-276, 285], [136, 120], [-180, 36]], [[29245, 76045], [411, 353], [463, 144], [206, 217], [-160, 164], [89, 97], [335, -65], [-14, -141], [499, 30], [952, 458], [313, -303], [181, 23], [-94, -129], [185, -132], [120, 365], [157, 6], [687, -121], [523, -309], [-128, 186], [150, 133], [378, -75], [286, 372], [563, 259], [168, 373], [319, 146], [179, -286], [280, 198], [255, -45], [207, 261], [478, -225], [300, 305], [241, -225]], [[37774, 78079], [-181, -412], [241, -121], [-4, -121], [887, -127], [181, 197], [120, -57], [-41, -159], [173, 52], [-39, -249], [183, 10], [-193, -224], [1024, -661], [-61, -75], [174, -237], [-294, -352], [233, -66], [18, -275], [314, 2]], [[40509, 75204], [103, -388], [-70, -230], [186, -3], [24, -276], [511, -236], [89, -93], [-93, -153], [290, -120], [-178, -258], [100, -169], [-140, -69], [138, -319], [140, -34], [-459, -726], [-806, -282], [-148, -213], [-90, -227], [350, -103], [-144, -191], [302, -583], [-222, -203]], [[34595, 72250], [22, 728], [-650, 36], [-175, 554], [190, 176], [-432, 374], [-235, 39], [-136, -198], [145, -123], [-205, -300], [-332, 159], [-223, -401], [-286, 272], [-779, -14], [-286, -368], [-297, -5], [-379, -294], [-121, 436], [-156, -188], [-267, 48], [-33, -120], [141, -124], [-339, -126], [-88, 294], [-237, -107], [-14, 176], [-310, 301]], [[29113, 73475], [587, 628], [140, 595], [101, 19], [-159, 86], [-77, 271], [263, 288], [-379, 190], [-186, 277], [-214, -4], [56, 220]], [[32037, 77182], [-5, 24], [-14, 1], [3, -23], [16, -2]], [[49032, 99153], [171, -38], [289, -395], [532, -1575], [511, -344], [161, 104], [389, -160], [17, 132], [269, -181], [-493, -273], [329, -406], [-162, -163], [72, -127], [198, 96], [573, -507], [308, 116], [84, -185], [304, 124], [277, -201], [305, 78], [-8, 126], [262, -58], [229, -281], [89, 312], [225, -15], [-199, 260], [313, 106], [411, -393], [-179, -17], [-367, -476], [185, -186], [-151, -160], [39, -222], [591, 103], [-2, -355], [530, 100], [432, -295], [-144, -270], [64, -159], [359, 160], [86, -143], [-90, -186], [-602, -231], [190, -456], [519, -486], [-203, -94], [4, -202], [-271, 15], [-31, -151], [884, -41], [45, -193], [279, -182], [-335, -117], [-52, -181], [170, -183], [-377, -201], [243, -190], [-305, -233], [152, -292], [-176, -93], [13, -301]], [[46133, 92446], [-585, 467], [203, 1431], [353, -284], [148, -19], [-222, 126], [-339, 535], [-96, 1560], [272, -29], [-76, 91], [100, 630], [-165, 811], [410, 80], [478, 518], [465, 261], [1953, 529]], [[55649, 90473], [-245, -96], [-34, -323], [505, 131], [-37, 161], [182, 168], [-240, 107], [-131, -148]], [[52418, 49300], [512, -252], [233, 549], [328, 97], [68, 429], [515, -294], [70, 483], [128, 96], [568, -9], [163, -97], [-209, -275], [-9, -383], [263, -54], [71, -422], [353, -280], [519, 119], [52, -317], [222, -145], [1167, -37], [224, -113], [-23, -110], [589, 304], [277, -130], [86, -224], [-69, 8], [16, -326], [870, 162], [272, -645], [304, -31], [118, -280]], [[60096, 47123], [210, -102], [200, -356], [-258, -151], [82, -408], [-115, -327], [-156, -87], [294, -170], [3, -241], [330, -273], [-26, -344], [316, -599], [759, -554], [132, -229], [-59, -111], [107, -400], [158, -112], [-150, -615], [-436, -260], [-8, -541]], [[61479, 41243], [-407, 89], [-12, 177], [-210, 93], [-198, -445], [-516, 110], [51, 148], [-253, 102], [-44, -227], [-307, -246], [-216, 242], [-111, 419], [-277, -40], [-206, 300], [-245, -263], [-299, -46], [-281, 35], [-152, 225], [-193, -266], [-200, 241], [-56, -201], [-354, -72], [-131, -248], [-254, -49], [-6, -136], [-523, 30]], [[56079, 41215], [-233, -181], [-115, -347], [-363, -125], [-343, 190], [-178, 604], [-246, 152], [-126, -70], [-366, 260], [-198, -172], [-290, 89], [-190, -118], [-228, 259], [52, 313], [-435, 64], [-47, 269], [-200, -210], [-165, 163], [-186, -92], [50, 230], [-242, -5]], [[52030, 42488], [58, 764], [-176, 75], [-203, 370], [131, 154], [20, 285], [226, -3], [80, 200], [-107, 115], [109, 128], [-38, 300], [-210, 268]], [[51920, 45144], [-324, 211], [-384, 709], [291, 66], [127, 147], [-42, 189], [332, -26], [68, 250], [359, 247], [-91, 92], [150, 349], [309, 114], [-108, 270], [64, 414], [-217, 142], [-138, 398], [102, 584]], [[33314, 23078], [451, 121], [109, -166], [434, 18]], [[32834, 15537], [-555, -517], [-330, -31], [-421, 322], [-312, -510], [-132, 55], [12, 245], [-217, -5], [-10, 258], [-518, 542], [-364, 120], [9, 507], [-152, 227], [-421, -170], [-631, 135], [-247, -113], [-495, 425], [-391, 40], [-276, 259], [-187, -163], [-149, 276], [-449, 210], [-224, -123], [-315, 259], [266, 512], [-343, -60], [-166, -192], [-59, -674], [-595, 185], [-218, 415], [398, 421], [87, 513], [138, 120], [-47, 707], [-998, 370], [-200, -69], [-81, -390], [-218, 21], [-148, 333], [43, 222], [-302, 90], [-417, -197], [-54, 356], [-336, 215], [-36, 197], [295, 176], [568, 16], [436, 451], [521, 988]], [[24593, 22511], [328, 99], [105, -79], [-26, -155], [231, -20], [91, -181], [861, 13], [818, 486], [273, -275], [-280, -143], [187, -176], [428, 354], [85, -141], [521, -45], [-59, 351], [1057, 40], [527, 382], [346, -398], [67, 199], [452, 151], [-114, -191], [296, -189], [321, 211], [142, -131], [660, 521], [120, -129], [-217, -176], [94, -171], [376, 199], [397, -189], [307, 177], [54, 180], [273, -7]], [[34265, 19570], [-125, -19], [-131, 318], [198, 394], [151, -98], [-46, -157], [115, -142], [-162, -296]], [[34263, 20757], [-27, 125], [97, 32], [191, -194], [-69, -490], [-239, 51], [-36, 208], [197, 38], [-25, 238], [-89, -8]], [[34308, 23051], [155, 245], [398, -8], [85, -402], [370, -489], [443, -37], [125, -505], [210, -219], [-228, -206], [141, -254], [141, 34], [56, -324], [344, -35], [445, 209], [59, -205], [139, 47], [32, -303], [408, 128], [27, -226], [127, -49], [194, -9], [14, 131], [1101, -306]], [[39094, 20268], [200, -153], [-552, -575], [127, -200], [-384, -82], [-78, -145], [109, -63], [-543, -623], [142, -110], [-66, -95], [244, 40], [80, -199], [429, -220], [-75, -91], [94, -288], [-196, 44], [-66, -378], [533, 306], [142, -354], [-103, -117], [45, -166], [185, -118], [-317, -345], [-253, -682], [-613, 99], [-111, -549], [46, -796], [-93, -55], [242, -242], [-46, -105]], [[38216, 14006], [-374, -94], [-427, 343], [-441, -524], [-216, 206], [-24, 231], [-573, 217], [-406, -268], [-256, 42], [-135, -177], [-300, 41], [-85, -162], [-399, 65], [-82, 264], [-259, 26], [-367, 798], [-195, -120], [-843, 643]], [[32834, 15537], [43, 212], [-137, 476], [310, 175], [-38, 742], [187, 80], [11, 251], [232, -46], [289, 193], [-120, 122], [87, 203], [-51, 315], [325, 136], [193, 534], [80, -142], [259, 109], [-41, 464], [166, -53], [221, 546], [-198, 311], [141, 295], [243, -44], [131, 214], [-240, 275], [105, 504], [-83, 235], [-212, -127], [-63, -231], [-166, 2], [112, 94], [-135, 161], [34, 289], [326, 89], [-216, 203], [64, 212], [-176, 364], [-191, -43], [-18, 394]], [[49701, 13636], [171, -121], [377, 298], [124, 288], [220, -85], [397, 267], [-78, 761], [-168, 233], [124, 176], [782, -43], [358, 146], [1578, -160], [354, 619], [518, 229], [1213, -822]], [[55671, 15422], [-19, -1245], [-111, -131], [98, -27], [73, -1549], [244, -264], [378, -94], [-120, -95], [83, -64], [-55, -127], [188, -101], [111, -435], [-581, -101], [-310, 505], [-498, -93], [-137, 169], [-195, -264], [-537, 33], [-426, -486], [-296, 129], [-405, -203], [-17, -176], [-135, -11], [163, -452], [-712, 160], [-259, -255], [-351, 78], [-324, 373], [-7, 166], [-1196, 463], [-376, -226], [-345, 49], [-450, -609], [-471, -154], [-345, 358], [-189, 737], [-310, -59], [-462, 394], [-631, 67], [-60, 249], [86, 328], [351, 252]], [[47116, 12711], [601, 80], [175, 343], [226, -103], [261, 124], [182, 455], [1140, 26]], [[48299, 11653], [7, -180], [363, -12], [-182, 181], [13, 248], [-201, -237]], [[86906, 79141], [836, -91], [248, 210], [488, -332], [149, 156], [194, -79], [116, 175], [278, -318], [507, -131], [257, -243], [996, -244], [-256, -108], [-325, -537], [-400, -1027], [-409, -175], [-98, -260], [-292, -36], [-58, -372], [-839, -820], [-268, -582], [32, -728], [-252, -245], [-235, -932], [75, -727], [-349, -269], [-186, -827], [-603, -1030]], [[83423, 73599], [-289, -10], [-111, 111], [102, 133]], [[83125, 73833], [602, -90], [661, 657], [-64, 84], [163, 290], [-121, 37], [289, 291], [-270, 26], [-151, 295], [121, 29], [361, 747], [-175, 313], [-288, 126], [109, 102], [-304, 3], [-200, 135], [-9, 165], [-252, -51], [-150, -445], [-333, -160], [-72, 143], [142, 115], [-246, 46], [-3, 321], [274, 30], [27, 130], [-307, -33], [-15, 151], [-638, 208], [68, 109], [-138, 307], [182, -66], [123, 327], [293, -40], [62, 218], [-73, 100], [327, 649], [-30, 231], [306, -47], [-118, -95], [161, -541], [1139, -337], [-19, -173], [249, -135], [849, 252], [576, -364], [286, 256], [387, 992]], [[83934, 71517], [522, -50], [176, -236], [-57, -121], [274, 20], [-151, -195], [1131, -514], [-46, -444], [341, -110], [-6, -240], [394, -58]], [[86512, 69569], [-59, -885], [364, -634], [-264, -421], [-10, -355], [-171, -170], [43, -371], [-227, -665], [122, -502], [-243, -337], [71, -356], [479, -620], [-54, -268], [-577, -368], [212, -135], [-56, -127], [-171, 72], [90, -252], [-164, -153], [-375, 147], [-73, -160], [235, -102], [-476, -399], [-374, 102], [-575, -218], [-91, 190], [-422, 44], [206, 521], [-481, 93]], [[67485, 49644], [151, -252], [-379, -659], [101, -194], [-150, -222], [102, -768], [-158, -317], [525, -217], [-23, -244], [292, 170], [163, -97], [80, -241], [172, -60], [-58, -169], [113, -126], [45, -424], [1206, 96]], [[69667, 45920], [-80, -298], [-204, 79], [44, -242], [202, 8], [-6, -304], [302, -87], [138, -162], [-36, -159], [-334, 7], [22, -127], [-475, -441], [-11, -329], [-217, 105], [-104, -47], [58, -155], [-660, 29], [-280, -158], [-15, -147], [-547, 112], [650, -575], [-627, -619], [-7, -163], [-154, 7]], [[67326, 42254], [-239, 397], [-346, -215], [-133, 187], [-4, 401], [219, 206], [-18, 173], [-208, -30], [66, -220], [-100, -30], [-203, 359], [-992, 97], [29, 121], [-731, 763], [-2, 280], [254, 465], [-292, 73], [-81, 190], [215, 148], [-41, 216], [104, 13], [-79, 189], [128, 362], [-367, 175], [-129, 275], [155, 266], [-308, 176], [-18, 190], [-368, 310], [382, -72], [84, 172], [-424, 455], [340, 156], [156, 672], [389, 197], [252, -144], [116, 239], [-11, 144], [-251, 165], [176, 197], [-229, 114]], [[81272, 63853], [-232, -285], [-768, 460], [-55, -76], [124, -149], [-141, -215], [-169, -82], [-294, 154], [-93, -129], [108, -219], [-188, -201], [-389, 208], [-188, -241], [-52, 256], [-355, 104], [-145, -168], [-369, 6], [-111, -215], [-115, 62], [-104, -466], [-155, 12], [-59, -235], [-152, 55], [55, -195], [-258, 202], [-73, -178], [-116, 39], [100, -151], [-152, -142], [-323, 75], [-111, -115], [59, -236], [-182, 121], [-77, -225], [-649, -258], [-345, 197], [9, -181], [-227, 15], [6, -191], [-114, 109], [-929, -579], [-310, 4]], [[73733, 60800], [-150, 110], [-234, -200], [-440, -37], [-402, 529]], [[72507, 61202], [-329, 127], [154, 159], [29, 592], [-430, 34], [34, 587], [-218, 117], [-183, -114], [43, 85], [-129, 56], [275, 131], [-137, 50], [79, 173], [270, -67], [323, 354], [73, 279], [-113, 100], [-20, 459], [-353, 239], [-178, -363], [-173, 81]], [[71524, 64281], [314, 750], [745, -50], [256, 351], [200, -363], [642, 133], [-52, 329], [175, 482], [-199, 64], [11, 401], [120, 148], [283, -45], [23, 304], [116, 108], [237, -129], [217, 52], [-42, 195], [201, 360], [245, -24], [-18, 230]], [[62966, 59348], [419, -101], [29, 380]], [[63414, 59627], [190, 50]], [[63604, 59677], [239, -96], [61, -293], [142, -106], [490, -59], [45, -383], [314, 197], [114, -68], [-105, -242], [182, -160], [423, -40], [153, -222], [289, 85], [-47, -287], [130, 7], [336, -526], [427, -115], [-99, -165], [153, -144], [236, 223], [359, -51], [95, 154], [715, 194], [7, 159], [732, -85], [8, 144], [312, 97], [363, -246], [-35, -130], [154, 188], [514, 74], [64, 152], [341, -55]], [[70716, 57878], [46, -538], [312, 112], [142, -520], [481, 52], [16, -250], [388, -131], [42, -151], [-15, -138], [-370, 59], [-551, -184], [37, -200], [390, -257], [-198, -406], [221, -24], [100, -309], [-88, -137], [182, -124], [34, -132], [-95, -60], [190, -171], [-307, -271], [124, -111], [-58, -191], [-258, -19], [-79, -185], [15, -431], [417, -179], [-12, -270], [-643, -138], [-87, -161]], [[71092, 52413], [-512, 114], [-137, 107], [-90, 409], [-235, 111], [-7, -163], [-213, 60], [-534, -257], [-496, 322], [-228, -149], [-60, 193], [-611, -1675], [14, -270], [-498, -1571]], [[67485, 49644], [-361, 25], [-44, 222], [102, 112], [-110, 166], [116, 47], [-373, 236], [195, 237], [-213, 284], [-288, -58], [-124, -367], [-237, 48], [-160, 264], [-116, -236], [-266, -52], [-106, 213], [-418, 152], [-201, -199], [-64, -652]], [[64817, 50086], [-172, -202], [55, -161], [-298, 5], [-312, -296], [-213, 23], [93, 176], [-59, 130], [-205, -103], [-115, 173], [-154, -56], [12, -152], [-365, 28], [-201, 217], [-773, -301], [-120, 344], [-560, 121], [133, 341], [-69, 289]], [[61494, 50662], [-16, 169], [328, 82], [2, 213], [300, -63], [100, 127], [-135, 23], [47, 409], [-98, 304], [83, 395], [110, 48], [-32, 205], [-330, 164], [23, 135], [-618, -19], [-7, 235], [-150, 15], [-18, 175], [-232, -122], [-430, 207], [-31, 636], [-166, 89], [76, 165], [-588, 832], [-56, 430]], [[59656, 55516], [211, -122], [534, 151], [304, -167], [93, -354], [926, 412], [-37, 91], [449, 290], [268, 90], [149, -117], [21, 462], [-109, 132], [388, 336], [-409, 435], [2, 397], [110, 89], [-111, 290], [-203, -144], [-108, 82], [463, 455], [-40, 135], [120, 192], [-238, 258], [66, 302], [461, 137]], [[72082, 56555], [13, 32], [-42, -13], [13, -13], [16, -6]], [[72003, 56499], [12, 42], [-40, 11], [3, -45], [25, -8]], [[34595, 72250], [362, 158], [113, -161], [309, -21], [-45, 126], [112, 176], [593, 325], [-83, 169], [174, -80], [14, 162], [868, 156], [381, -233], [174, -337], [-72, -148], [59, -704], [161, -271], [520, -172], [64, 111], [118, -148], [-87, -133], [282, -331], [652, -154], [54, 270], [294, -63], [276, -581], [232, -187], [272, 149]], [[40392, 70328], [809, -569], [-450, -60], [-63, -308]], [[40688, 69391], [-183, -71], [231, -16], [-35, -225], [-334, -30], [1, -216], [97, -174], [228, -15], [-158, -419], [204, -479], [-235, -105], [-14, -449], [-150, 243], [-203, -137], [-7, -406], [106, -204], [-568, -574], [77, -170], [-510, -152], [-321, -406], [103, -246], [129, 60]], [[39146, 65200], [-190, -259], [-834, -239], [-95, -269], [-177, -16], [-280, 259], [-126, -231], [259, -432], [-162, -101], [-812, 448], [-199, -39]], [[36530, 64321], [-300, 83], [-19, -202], [-254, -159], [-204, 250], [-377, -15], [-317, 182], [-124, 263], [-105, -108], [-557, 254], [-64, -272], [-158, -30], [-422, 169], [-158, 397], [307, 295], [-189, 90], [-219, -225], [-349, 167], [-521, -45], [38, 157], [-169, 308]], [[32369, 65880], [-44, 459], [-276, 9], [-130, 267], [242, 259], [278, 12], [-13, 266], [-251, 103], [-18, 217], [928, 427], [-171, 82], [-47, 412], [-224, 63], [-1, 321], [477, 226], [276, -64], [59, 193], [-99, 206], [139, 163], [-207, 142], [62, 260], [-101, 46], [719, 487], [-139, 600], [200, 304], [-131, 489], [237, -26], [-98, 266], [559, 181]], [[81241, 45562], [101, -391], [-60, -155], [257, -358], [383, -95], [-3, -177], [195, -185], [203, 94], [272, -153], [-154, -507], [129, -221], [23, -661], [369, -97], [-29, -234], [359, -37], [71, -352], [492, -317], [-155, -229], [10, -207], [-363, -346], [180, -730], [-392, -440], [-223, 133], [-554, -183], [-127, -381], [-378, -38], [5, -310], [-302, -98], [-544, 333], [-190, -236], [-408, 35], [-340, -316]], [[80068, 38703], [-364, 142], [-254, -247], [-196, 102], [-203, -152], [46, -383], [-241, -52], [-592, 189], [6, 316], [-212, 224], [-279, -147], [-224, 188]], [[77555, 38883], [-72, 246], [-177, -100], [-293, 244], [-253, -106], [124, 347], [-234, 436], [91, 311], [-70, 242], [158, 271], [224, 87], [54, 332], [-161, 50], [141, 126], [-393, 647], [-578, 55], [-564, 558], [-346, -162], [40, -336], [-130, -309], [178, 32], [-127, -269], [-862, 532], [-290, -57], [-26, 358], [-453, 680], [77, 41], [-45, 174], [-345, 556]], [[73223, 43869], [431, 306], [-15, 236], [169, 209], [-62, 240], [327, -47], [187, 216], [53, 923], [321, 1251]], [[81241, 45562], [-319, -124], [-297, -445], [-156, 53], [11, 440], [-216, 298], [-507, 8], [-333, 619], [223, 12], [32, 155], [-419, 323], [-411, -489], [-176, -593], [-425, -358], [62, -149], [-292, -628], [-688, -113], [28, 215], [-279, -64], [33, 368], [-199, 239], [-425, 63], [-20, -305], [-311, 195], [-83, -123], [-334, 88], [20, 138], [-163, 90], [53, 269], [-153, -13], [32, 183], [-337, -88], [-57, 224], [-216, 83], [-75, 1007], [-210, 63]], [[74634, 47203], [19, 344], [-160, 165], [-33, 268], [95, 910], [462, -177], [44, 345], [422, 129]], [[75483, 49187], [250, 127], [299, -82], [104, 153], [573, -101], [582, 606], [494, 249], [103, 321], [-100, 86], [-192, -176], [-198, 311], [137, 489], [323, 423], [269, 33], [302, -306], [843, 663], [210, -102], [1224, 134], [554, -141], [-226, -450], [629, -724], [-414, -772], [62, -233], [-141, -199], [31, -242], [703, -151], [-166, -780], [424, 159], [321, -601], [173, -74], [87, -194], [-97, -98], [195, -150], [50, -327], [-182, -82], [-182, -476], [-341, -216], [-423, 23], [-80, -257], [-157, 168], [-173, -44], [-112, -592]], [[47101, 86359], [-229, 55], [-33, -258], [-222, -48], [7, -287], [-165, -114], [102, -142], [317, 138], [7, -137], [-364, -380], [156, -225], [-189, -214], [189, -126], [-210, -90], [159, -25], [107, -167], [-43, -178], [169, -56], [-223, -337], [202, -172], [97, 232], [209, -82], [-98, -329], [-347, -307], [-74, -330]], [[46625, 82780], [-134, -147], [-238, 42], [-373, 131], [-192, 290], [-265, -102], [-408, 218], [-634, -29], [23, 149], [-287, -154], [-58, -209], [-184, 11], [-11, -342], [-154, -74], [-90, -429], [-762, -46], [-178, -328], [-584, -122], [140, -222], [-114, -32], [73, -145], [-389, -84], [-92, 74], [101, 70], [-148, -40], [-80, 194], [-119, -87], [52, 237], [-158, 291], [-262, -256], [-23, 193], [-362, 77], [102, 226], [479, -29], [-85, 431], [-263, -123], [-6, 233], [-391, 8], [-124, 311], [15, -162], [-273, 82], [-684, -183], [-131, 250], [-106, -39], [89, 225], [-370, -133], [-583, 552], [-1112, -453]], [[37272, 83105], [-1481, 228], [-372, 481], [567, 1326], [97, 482], [193, 211], [980, 407], [1679, 1085], [1352, 221], [1205, 465], [435, -34], [571, 214], [1866, 1319]], [[52589, 79402], [291, 294], [439, -450], [180, 164], [73, -205], [292, 100], [62, 54], [-127, 80], [278, 146], [309, -280], [776, 218], [123, -209], [147, 209], [385, -65], [-61, 157], [108, 175]], [[55864, 79790], [635, -183], [-80, -168], [254, -365], [-203, -240], [43, -122], [558, -389], [105, -361], [272, 98], [173, -410], [259, 194], [89, -575], [437, -115], [-2, -176], [105, -38], [166, 127]], [[58675, 77067], [14, -376], [-565, -61], [258, -58], [13, -125], [-239, -77], [-89, -252], [503, -220], [-37, -312], [92, -97], [-253, -351], [135, -110], [-64, -188], [559, 122], [-96, -134], [248, -135]], [[59154, 74693], [-356, -161], [86, -152], [-343, -197], [111, -298], [-520, -138], [202, -328], [-352, -170], [158, -276], [-101, -300], [207, -72], [-50, -266]], [[54941, 70010], [-464, -72], [-321, -274], [-134, 18], [70, 331], [-110, 55], [-401, -29], [128, -211], [-339, -232], [-1000, 190], [-248, -169], [-528, -9], [265, 413], [227, 18], [12, 629], [-335, 283], [-310, 53], [-1, 352], [-141, 266]], [[48041, 73025], [-121, -194], [-222, 12], [-182, 65], [-57, 215], [-239, -11], [-167, 443], [71, 456], [-203, 217], [-328, 32], [37, 376], [-330, -10], [-156, 385], [-273, 114], [59, 277], [-238, 135], [339, 466], [-307, 179], [-29, 407], [95, 99], [-83, 149], [128, 99], [-140, 54], [46, 166], [-250, 108], [112, 200], [-423, 517]], [[45180, 77981], [65, 128], [-130, 112], [180, 142], [-323, -36], [-68, 119], [130, 217], [-223, 471], [381, 57], [32, 270], [91, -175], [595, 98]], [[28898, 57836], [229, -70], [96, 208], [243, -17], [142, 180], [488, -218], [243, 39], [65, 156], [511, -51], [360, 353], [-100, 328], [427, 192], [238, -7], [-177, -177], [35, -118], [152, 155], [348, -18], [75, 252], [1055, 145], [235, -129], [143, 156], [299, -48], [-217, -379], [301, -128], [182, 108]], [[36308, 48813], [-186, -149], [-232, 236], [-262, 17], [-3, -172], [-208, 23], [-106, -121], [81, -68], [-295, -204], [-400, 3], [123, -249], [-244, -306], [112, -4], [18, -63], [-440, -234]], [[34266, 47522], [-231, 96], [-16, 209], [-173, 116], [30, 265], [-197, -107], [-23, 288], [-139, -104], [-408, 136], [-128, 309], [-483, -122], [-138, 230], [-125, -141], [-143, 99], [0, 199], [-122, -192], [-447, 124], [-37, 241], [-241, 144], [-490, -72], [-91, 137], [210, 59], [-464, 293], [-146, -53], [21, 378], [-431, 292], [112, 237], [-105, 369]], [[44364, 89510], [483, 437], [266, 777], [241, 243], [256, 96], [214, -325], [596, -26], [-144, 314], [-268, 5], [-211, 434], [-282, 29], [-84, 198], [118, 848], [466, 51], [118, -145]], [[46133, 92446], [162, -227], [655, 324], [295, -21], [716, -494], [246, 206], [121, -100], [-223, -232], [96, -116], [884, -368], [-80, -179], [149, -342], [293, 91], [143, -200], [201, 206], [456, 5], [160, 182], [393, -159], [-87, 220], [122, 34], [178, -327], [303, 284], [322, -30], [306, -373], [-726, -408], [-92, -466], [294, -221], [250, 445], [405, 99], [123, -274], [165, 297], [200, -58], [-75, -246], [877, -329], [96, 70], [-157, 145], [124, 78], [-34, 191], [463, -129], [33, -254], [-267, -440], [142, -101], [630, 406], [147, -364], [-191, -134], [97, -95], [555, 349], [179, -129], [291, 180], [515, -55]], [[55988, 89387], [196, -283], [367, -152]], [[56551, 88952], [-117, -202], [322, -79], [-546, -610], [-69, -476], [-171, -122], [-82, 128], [68, -356], [-204, -118], [200, -147], [7, -266], [-167, -110], [63, -148], [203, -7], [-43, -172], [165, -445]], [[56180, 85822], [-236, -158], [-2, 225], [-211, 13], [20, -203], [-199, -140], [-143, 230], [-188, 28], [-197, -118], [44, -294], [-282, 453], [-133, -108], [-83, 151], [-106, -115], [154, -326], [-188, 149], [-104, -264], [-331, 13], [16, -411], [-88, -87], [-674, 129], [-118, -447], [-140, -96], [-142, 105], [-19, 297], [-371, -144], [-86, 104], [52, 120], [-173, -32], [-246, 244], [-182, -191], [-220, 330], [-509, 34], [-368, 321], [-918, 169], [-794, -215], [-208, 282], [-432, 95], [-150, -196], [-112, 195], [-264, -214], [-305, 28], [-194, 214], [129, 171], [-378, 196]], [[47101, 86359], [-327, 533], [-156, 774], [-236, 332], [-509, 255], [-592, 707], [-419, 263], [-39, 319], [-459, -32]], [[48504, 28864], [471, 234], [-50, 169], [287, 2], [19, -145], [62, 201], [245, 71], [338, -403], [298, 19], [-368, -259], [382, -47], [235, 144], [175, -103], [-55, -169], [290, 15], [387, -292], [142, -396], [340, -47], [214, -333], [72, -341], [156, -88], [-177, -327], [364, -195], [-15, -344], [203, -140], [-126, -352], [665, -902], [567, -281], [553, 337], [312, -237], [351, -35], [94, -418]], [[54935, 24202], [-191, -414], [-636, -135], [-403, -276], [-234, 320], [-503, 153], [-215, -620], [117, -161], [-110, -181], [411, -543], [-117, 35], [45, -563], [-156, 73], [-168, -322], [-354, -151]], [[52421, 21417], [-518, 154], [-415, -24], [-216, -195], [-622, 319], [-160, -67], [-161, 194], [-237, -289], [44, -271], [-108, -229], [-300, 344], [-650, -226], [-146, 365], [-163, 68]], [[48769, 21560], [-106, 138], [58, 247], [178, 115], [-51, 280], [-19, -140], [-152, 104], [4, -224], [-178, -104], [-727, 418], [-19, 226], [-202, 92], [-72, 291], [-1014, 481], [60, 254], [209, 83], [-67, 316], [-389, 59], [-17, 119], [309, 108], [-384, 366], [-35, 496], [-371, 146], [15, 288], [-255, 265], [4, 511]], [[42204, 31212], [497, 142], [-28, -216], [-302, -2], [-50, -171], [233, -165], [-51, -112], [98, -120], [400, -66], [-25, -178], [249, -243], [60, 124], [164, -146], [52, 189], [330, 101], [-66, -222], [78, -109], [-154, -263], [364, -80], [148, -259], [653, 521], [125, 335], [370, -272], [-55, -110], [157, -227], [312, 222], [-180, 312], [120, 45], [-52, 181], [312, -40], [-16, -176], [134, -122], [124, 169], [-125, 141], [175, -159], [529, 448], [253, -155], [135, 235], [219, -115], [378, 169]], [[47769, 30818], [-155, -201], [151, -166], [-87, -125], [695, -198], [-60, -312], [-195, 36], [-293, -392], [141, -227], [152, 27], [50, -188], [27, 131], [227, -31], [-10, -180], [163, -29], [-71, -99]], [[48504, 28864], [-316, -31], [-237, 175], [-99, -81], [170, -146], [-82, -112], [-479, 138], [1, -394], [-206, 215], [-195, -304], [-215, 205], [-597, -1], [34, -506], [193, -45], [83, -190], [-86, -226], [-286, -107], [58, -167], [-187, -53], [-53, -305], [-594, -10], [35, -148], [251, -66], [-23, -206], [-126, -4]], [[45548, 26495], [-155, 31], [-276, -349], [-113, 206], [-182, -380], [-569, 197], [-117, -209], [78, -185], [-273, 71], [-174, -128], [136, -138], [276, 45], [39, -198], [-557, -145], [-76, -45], [76, -113], [-445, -204], [27, 248], [-240, 30], [-212, 281], [-273, -266], [-183, 205], [-177, -188], [-703, -109]], [[41455, 25152], [-383, -9], [188, 445], [-204, 103], [117, 100], [-197, 262], [124, 261], [-260, 234], [-142, -92], [-227, 182], [-257, -101], [-67, 103], [-7, 149], [456, 508], [-102, 285], [354, 147], [-306, 179], [-379, -272], [-150, 364]], [[40013, 28000], [101, 433], [286, 33], [-70, 346], [533, -185], [184, 119], [-32, 349], [-246, 122], [360, 64], [158, 411], [-10, 381], [157, 79], [-234, 278], [-322, 79], [184, 372], [2, 365], [159, 27], [153, -409], [63, 174], [665, 8], [100, 166]], [[78469, 16947], [-7, 16], [19, 7], [-5, -18], [-7, -5]], [[78740, 17241], [262, 321], [258, -1], [-161, -42], [-113, -267], [-222, -134], [-24, 123]], [[76770, 17287], [-3, -39], [-36, 36], [2, 9], [37, -6]], [[74081, 18379], [-13, 7], [30, 0], [-17, -7]], [[78483, 17008], [-182, 82], [338, 133], [-91, -187], [-65, -28]], [[78257, 17122], [-26, 114], [57, 31], [-25, -48], [-6, -97]], [[74200, 17890], [-12, 12], [16, 19], [11, -13], [-15, -18]], [[77442, 17287], [47, -209], [-308, -183], [-302, 175], [563, 217]], [[74290, 17797], [-14, 114], [93, -36], [-16, -30], [-63, -48]], [[75193, 18271], [4, 27], [45, 8], [-5, -14], [-44, -21]], [[74359, 17786], [-25, 36], [22, 3], [3, -39]], [[74131, 24558], [164, 269], [339, -89], [121, -295], [242, 59], [259, 345], [121, -310], [306, -137], [247, -468], [121, 106], [-30, 158], [285, 135], [202, 382], [324, -9], [424, 573], [256, 9], [97, -238], [393, -311], [389, -127], [203, 264], [7, 322], [166, 63], [295, -69], [239, 182], [193, -343], [281, 307], [250, -5], [86, -162]], [[80111, 25169], [143, -413], [172, 95], [220, -198], [255, 25], [148, -384], [-91, -381], [267, -402], [761, -296], [-92, -172], [67, -181], [-201, -356], [120, -21], [-83, -252], [337, -231]], [[82134, 22002], [-66, -303], [-220, -226], [-217, 49], [-24, -222], [-734, 85], [-233, -493], [17, -248], [-249, -74], [-59, -284], [-586, -339], [56, -177], [318, 124], [170, -97], [72, 139], [149, -123], [-226, -258], [-1, -302], [114, -123], [-266, -142], [32, -187], [-193, -85], [-113, 232], [-270, 72], [-444, -389], [-764, -73], [-168, -248], [32, -344], [-292, 52], [-317, 301], [-502, -48], [-315, -371], [-19, -437], [141, -45], [-163, -71], [-391, 97], [274, 130], [-119, 365], [-629, -55], [13, 169], [-123, 94], [-542, -17], [58, 167], [-93, 55], [-272, -194], [200, -52], [-90, -200], [282, 42], [60, -172], [-387, 105], [-212, -307], [-205, 13], [-248, 199], [137, 278], [-29, 198], [-278, 4], [92, 149], [-66, 91], [-519, 47], [-87, 122], [85, 167], [-155, 77]], [[73550, 18919], [82, 582], [524, 321], [13, 154], [-247, 359], [-347, 22], [201, 373], [-152, 443], [494, 32], [224, 184], [-256, 146], [-354, 502], [180, 695], [-470, 233], [242, 107], [-92, 276], [141, 319], [680, 192], [99, 285], [-174, 82], [-16, 210], [-216, 73]], [[68251, 31072], [174, 440], [354, 242], [328, -158], [-21, -235], [384, -129], [-328, -204], [-251, -695], [-648, 118], [-69, 211], [94, 135], [-176, 72], [159, 203]], [[66593, 30103], [10, 610]], [[66603, 30713], [878, -107], [169, -159], [65, -734], [85, -40], [357, 339], [366, 7], [869, 472], [108, -247], [214, -70], [407, 385], [2, -255], [-143, -147], [93, -93], [-18, -386], [495, -174], [146, 198], [347, -265], [354, 94], [198, -137], [-8, -470], [357, -31], [101, -315], [328, -60]], [[72373, 28518], [26, -536], [288, 51], [-9, -435], [-235, -761], [407, -97], [86, -278], [181, -4], [-405, -648], [-30, -340], [206, 122], [544, -53], [699, -981]], [[74131, 24558], [-25, -49]], [[74106, 24509], [-268, -341], [-276, 24], [-454, -359], [-513, 4], [-639, 232], [-829, 562], [-968, 24], [-842, 511], [-136, 401], [-431, 449], [-770, 408], [-775, 130]], [[67205, 26554], [493, 386], [6, 266], [202, -13], [8, 240], [-170, 94], [-409, 706], [-256, -63], [-99, 267], [109, 816], [-111, 55], [5, 222], [-219, -4], [24, 206], [-195, 371]], [[19287, 55105], [122, -132], [23, -88], [-651, 109], [-145, 282], [179, 78], [472, -249]], [[27153, 58387], [638, -258], [533, 142], [106, -235], [215, 131], [253, -331]], [[28898, 57836], [-74, -79], [266, -60], [22, -135], [-158, 20], [33, -61], [200, 9], [-57, -119], [344, -149], [-160, -355], [323, -420], [576, -342], [-130, -106], [-63, -349], [482, -673], [-167, -142], [298, -242], [-149, -281], [305, -147], [-71, -478], [122, -115], [30, -312], [-273, -87], [-28, -138], [263, -579], [-198, -231], [52, -290], [-78, -73], [134, -66], [130, 230], [435, -271], [-163, -274], [-282, 18], [-307, -457], [-329, 83], [-171, -232], [-194, 19]], [[29861, 50952], [-356, 216], [17, 175], [-269, -21], [-86, -238], [-236, 98], [-298, -171], [-219, 129], [228, 502], [-308, -210], [-534, -21], [-150, -323], [-307, 62], [-60, -136]], [[27283, 51014], [-240, 143], [-261, -87], [-29, -504], [-603, 588], [-68, -49], [91, -284], [138, -21], [-146, -7], [-336, 555], [-835, -5], [-334, 635], [-904, 162], [-879, 744], [-240, 7], [-304, 1194], [-584, 849], [-156, -8], [-218, 415], [-990, 925], [-79, 687], [285, 65], [-32, 126], [498, 612], [104, 429], [333, 195]], [[21494, 58380], [253, -350], [180, -26], [-5, -175], [188, -186], [418, -40], [-24, -213], [588, -43], [153, -452], [235, 69], [142, -152], [808, -161], [17, 149], [310, 94], [-307, 427], [184, 93], [-248, 450], [86, 254], [-89, 115], [345, 249], [221, -80], [84, -390], [-114, -123], [133, -262], [-98, -228], [92, -75], [634, 319], [41, 248], [-129, 108], [102, 139], [-106, 262], [224, 153], [318, -114], [76, 427], [116, 86], [476, -458], [355, -107]], [[20013, 57584], [-170, 144], [-281, -45], [-258, 304], [70, 214], [-106, 136], [558, -80], [46, -258], [-134, 60], [14, -181], [540, -306], [62, -568], [-341, 580]], [[34271, 58748], [111, 371], [342, -151], [61, 201], [-98, 79], [249, 499], [159, 139], [237, -124]], [[35332, 59762], [80, -211], [87, 33], [20, -285], [283, 104], [119, -49], [-39, -164], [190, -74], [140, 141], [121, -236], [-171, -315], [219, -76], [255, 185], [150, -39], [4, -253], [253, 101], [34, -276], [-79, -63], [97, -221], [-144, -90], [93, -32], [-29, -312], [154, -249], [290, 186], [491, -205], [452, 311], [646, -25], [-220, 501], [348, 12], [99, -213], [402, -127], [80, -728], [338, -448], [122, 40], [-30, -124], [197, -25], [-66, -87], [153, -130], [39, -403], [357, -413]], [[40867, 55503], [234, -123], [177, -418], [-176, -173], [107, -287], [-160, -254], [111, -246], [361, -315], [348, -34], [55, -326], [466, 18], [371, -321], [-85, -90], [164, -283], [-150, 9], [111, -227], [233, -78], [3, -133], [178, 42], [-241, -495]], [[40567, 49151], [-754, 113], [-252, -287], [81, -147], [-476, -48], [-148, -204], [-379, 132], [-322, 516], [-336, -351], [29, -167], [210, -5], [16, -199], [-380, -176], [-241, 199], [-761, -72], [-546, 358]], [[36308, 48813], [-60, 161], [215, 480], [-270, -91], [-494, 378], [38, 268], [207, 176], [-102, 388], [296, 116], [-137, 252], [169, 279], [-358, 185], [-314, -446], [-429, 219], [146, 199], [-155, 116], [139, 169], [-391, 280], [91, 687], [-221, 23], [-32, 133], [117, 26], [-75, 79], [65, 325], [164, -18], [92, 187], [-93, 277], [340, 232], [-134, 42], [-1, 198], [-245, 3], [95, 289], [-465, -139], [413, 548], [-97, 106], [163, 72], [-33, 159], [274, 162], [-418, 384], [-21, 200], [233, 264], [-391, 64], [258, 281], [192, -134], [117, 196], [-472, 215], [180, 333], [-248, 533], [81, 243], [-141, 115], [-217, -94], [-53, 287], [116, -42], [-171, 570]], [[40567, 49151], [163, 94], [-110, 163], [36, 259], [-292, 341], [88, 157], [283, 13], [-4, 200], [294, 208], [59, 214], [725, -86], [135, 610], [166, 228], [343, 14], [195, -176], [189, 433], [137, -54]], [[42974, 51769], [221, 60], [68, -244], [277, 131], [290, -80], [134, 149], [-60, 101], [286, 49], [403, -542]], [[44593, 51393], [214, -156], [-13, -274], [-208, -254], [141, -89], [-198, -85], [83, -230], [-309, -257], [299, -409], [308, 17], [-71, -258], [228, -183], [85, 82], [66, -211], [-155, -180], [402, -284], [-79, -200], [113, -232], [-98, -321], [229, -65], [66, -199], [-385, -259], [-77, -201], [392, -195], [83, 180], [328, 12], [94, -417], [-147, 77], [7, -169], [-13, -19], [-20, 114], [-169, -93], [95, -28], [-18, -235], [392, -242], [483, 83], [271, 271], [38, -365], [354, -235], [55, 159], [343, -346], [105, -248], [-191, -119], [82, -109], [-89, -203], [99, 10], [-55, -143], [129, -144]], [[47882, 44741], [85, -181], [-200, 13], [-48, -177], [-605, 184], [-64, -248], [-459, -170], [-485, -630], [-256, 11], [-118, -271], [-436, 96], [-172, -151], [-88, 167], [-193, -130], [-85, -337], [-212, 71], [-396, -619], [-441, 239], [-219, -472]], [[43490, 42136], [-130, -44], [13, 155], [-177, 84], [-219, -62], [-107, 220], [-283, -39], [95, 312], [224, 200], [-324, 233], [-251, -157], [-254, 258], [-150, 539], [-521, 52], [-332, -156], [-194, 243], [-182, -423], [-212, -65], [-38, 200], [-190, -42], [-174, 260], [164, 518], [-349, 291], [-475, -72], [-174, 267]], [[39250, 44908], [293, 386], [286, 111], [-18, 421], [487, -128], [-11, 301], [307, 632], [-104, 498], [323, -138], [565, 406], [26, 171], [-196, 240], [52, 141], [-270, 212], [-149, -164], [-327, 342], [129, 481], [-177, 250], [101, 81]], [[72177, 72650], [285, -112], [29, 214], [528, 121], [193, -168], [-27, 165], [238, 168], [-74, 140], [523, -127], [313, 373]], [[74185, 73424], [148, -139], [402, 245], [406, -125], [-137, -261], [91, -230], [-297, -383], [271, -42], [95, 245], [-75, 69], [226, -20], [-180, -344], [266, 3], [65, -439], [183, -91], [158, 143], [462, -32], [-17, 159], [116, 77], [46, -222], [164, -75], [241, 278], [-16, 292], [566, -127], [423, 385], [244, -306], [339, 105], [52, -247], [986, 414], [283, -174], [-55, 272], [384, 330], [145, -468], [1125, -325], [369, 420], [183, -193], [600, 622], [976, 359]], [[83423, 73599], [86, -164], [-308, 63], [193, -209], [-231, -876], [166, -196], [-228, -268], [303, -197], [430, 61], [-44, -144], [144, -152]], [[83934, 71517], [-176, -133], [-762, -1567], [161, -158], [-50, -212], [-320, -375], [-193, -514], [-391, -228], [-209, -822], [106, -97], [-217, -195], [158, -416], [-503, -280]], [[81384, 66418], [-278, 392], [-927, 533], [-287, 426], [-277, -138], [-132, -290], [-447, -181], [-297, 589], [-311, 184], [-679, -51], [-571, -244], [20, 151], [-397, 196], [101, 74], [-58, 347], [-168, 176], [-614, -202], [-244, -477], [-235, -7], [-145, -223], [-143, 24], [216, 310], [-188, 95], [-325, -525]], [[74998, 67577], [-264, 509], [-276, -295], [-123, 58], [-60, 260], [110, 205], [-120, 364], [-384, 110], [-161, 338], [-267, 92], [-11, -175], [-183, 157], [288, 242], [-96, 140], [189, 256], [-37, 335], [343, 195], [-288, 367], [-319, 84], [88, 268], [-71, 67], [-216, 172], [-154, -166], [-351, 438], [-74, 292], [-310, 98], [-368, -258], [-56, 302], [165, 192], [-333, 125], [518, 301]], [[54941, 70010], [5, 201], [460, 243], [183, 432], [109, 8], [-223, 580], [196, 248], [40, 304], [367, -109], [94, 176], [371, 113], [562, -130], [193, 170], [561, -95], [69, 271], [268, -87]], [[58196, 72335], [86, -330], [273, 181], [251, -102], [277, -320], [-9, -151], [300, -195], [-69, -166], [277, -158], [40, -150], [-167, -191], [148, -104], [-284, -425], [375, 37], [224, -499], [365, 164], [-55, 192], [231, -79], [50, -164], [-102, -180], [353, -154], [95, -176], [-51, -144], [214, -295], [-52, -141], [331, -278], [0, -142], [-210, 10], [70, -208], [204, -46], [91, 231], [145, -266], [-141, -476], [747, 130], [279, -173], [110, 211], [195, -7], [17, -172], [119, -22], [386, 346], [129, -201], [140, 31], [46, 203], [-135, 16], [65, 86], [160, -11], [-26, -228], [159, -204], [326, -42]], [[64173, 67573], [121, -223], [-222, -41], [-219, -267], [124, -2], [46, -358], [397, 76], [-66, -356], [138, -122], [-89, -142], [36, -299], [-633, -329], [303, -428], [-390, -46], [153, -192], [-252, -321], [14, -273], [-118, 32], [-152, -539], [-407, -382], [103, -535], [-212, -329], [-126, 106], [30, -207], [-131, -137], [169, -130], [-76, -181], [189, -7], [-4, -379]], [[62899, 61562], [-422, 6], [-110, -263], [-176, -37], [-196, 214], [-78, 359], [74, 95], [-158, 190], [-35, -144], [-491, -149], [-86, 276], [235, 222], [-183, 208], [-321, -332], [78, -98], [-101, -144], [-210, 120], [-10, 153], [-394, -72], [-163, 292], [-193, 70], [0, 171], [-397, 169], [-193, -108], [-45, 427], [-456, 306], [-99, 340], [-73, -687], [-286, 184], [-380, -27], [-69, -232], [-230, -172], [-416, 351], [-333, -161], [-223, 361], [-261, -61], [-287, 225], [7, 376], [-152, 122], [-542, -326], [-309, 135]], [[55215, 63921], [-274, 306], [61, 94], [-88, 191], [149, 191], [-245, 247], [58, 123], [-324, 225], [-2, 170], [-203, -36], [21, 421], [1179, 305], [-87, 479], [117, 7], [14, 157], [-228, 173], [96, 70], [-19, 321], [278, 54], [2, 138], [371, 234], [158, 373], [-30, 241], [-168, 142], [169, 107], [-502, 422], [-103, 448], [-132, -3], [92, 180], [-634, 309]], [[81384, 66418], [154, 102]], [[81538, 66520], [118, -388], [524, -139], [659, -512], [-74, -211], [135, -303], [-49, -214], [-147, -7], [-79, -487], [93, -142], [137, 129], [317, -88], [140, -431], [249, -265], [-90, -222]], [[83471, 63240], [-370, -152], [-373, 166], [-256, -104], [126, -413], [-418, -211]], [[82180, 62526], [-221, 621], [151, 67], [85, -159], [16, 291], [-255, 128], [-40, 247], [-578, -20], [-66, 152]], [[81272, 63853], [100, 108], [-300, 434], [159, 209], [-144, 213], [-151, 933], [448, 668]], [[52461, 75428], [96, -134], [-279, -79], [-76, -142], [94, -58], [-36, -188], [-180, -45], [191, -257], [-174, -201], [85, -137], [-213, -262], [78, -23], [-92, -181], [123, -198], [-103, -673], [317, -398], [-431, -44], [-66, -72], [75, -71], [-374, -219], [96, -49], [-69, -233], [-276, 18], [64, -160]], [[51311, 71622], [-302, -125], [-279, 237], [-147, -241], [-195, 67], [-148, -166], [7, 336], [-300, 137], [-147, -337], [-193, 43], [78, -179], [-392, 94], [-441, -238], [-321, 22]], [[48531, 71272], [-240, 206], [148, 124], [-81, 231], [138, 229], [-151, 172], [78, 221], [-339, 42], [98, 359], [-141, 169]], [[48041, 73025], [-47, 169], [118, 64], [90, 385], [223, 82], [-300, 220], [23, 160], [543, -55], [113, 489], [181, 107], [-155, 258], [-148, 2], [-34, 193], [115, -27], [119, 311], [355, 66], [99, 296], [-67, 151], [220, -5], [111, 178], [268, 6], [3, 205], [242, 10]], [[50748, 77565], [-505, -246], [-146, -235], [295, -264], [438, -110]], [[50754, 76010], [-43, -188], [-235, 23], [-25, 246], [-338, 199]], [[50113, 76290], [-511, 420], [-39, 194], [96, 119], [-72, 230], [349, 396]], [[52334, 78686], [107, 13], [86, -258], [-129, -72], [277, -424], [-110, -447], [-188, -76], [56, -211], [134, -9], [-91, -120], [125, -471]], [[51404, 77040], [-177, 531], [-479, -6]], [[50748, 77565], [-42, 139], [149, 273], [-304, 106]], [[50830, 76710], [480, 128], [410, -107], [17, 226], [-352, -76], [19, 159]], [[51404, 77040], [543, 118], [654, -547]], [[52601, 76611], [-37, -347], [195, -114], [-205, -212], [63, -102], [-180, -234], [93, -118], [-69, -56]], [[52461, 75428], [-276, 80], [-170, 368], [-390, -214], [-59, 109], [-433, -62], [-48, 273], [-331, 28]], [[50754, 76010], [-82, 68], [122, 239], [-60, 304], [96, 89]], [[52589, 79402], [-133, -196], [160, -137], [-405, -240], [123, -143]], [[52334, 78686], [-636, -561], [-635, 195], [-226, -191], [-231, 111], [-55, -157]], [[50551, 78083], [-615, -434]], [[49936, 77649], [35, 421], [-205, 23], [-69, 308], [-305, 116], [4, 256], [-664, -209], [-216, 237], [-368, 8], [-199, 269], [-318, -347], [-71, 196], [96, 247], [-251, 193], [-715, -321], [-346, 345], [-434, -7]], [[45910, 79384], [332, 553], [118, 816], [200, 213]], [[46560, 80966], [56, 92], [189, -182], [-174, -165], [177, -273], [420, 43], [231, -209], [1125, 117], [537, 354], [115, -219], [454, -97], [29, -161], [340, 171], [114, -139], [-84, -156], [431, 83], [220, 259], [276, -388], [116, 120], [439, -136], [-37, -122], [246, 16], [215, -183], [-65, -125], [255, -60], [13, 203], [163, 46], [8, -261], [220, -192]]]}